CustomerID,CustomerName,CustomerEmail
1,Michelle Brown,randallclark@example.net
2,David Norris,andrew28@example.com
3,Hannah Allen,sean14@example.org
4,Nicole Ewing,karenstevens@example.org
5,Daniel Wilson,jensenronald@example.net
6,Kevin Andrews,josephthomas@example.net
7,Devin Harris,sheilaclark@example.com
8,Dylan Proctor,warnerkenneth@example.com
9,Andrew Coleman,michellegarcia@example.com
10,David Morris,kcoffey@example.org
11,Kathryn Cook,christopher73@example.net
12,Teresa Gallagher,mitchelljerry@example.com
13,Tina Ward,jennifer91@example.org
14,Richard Woods,christopherreyes@example.com
15,Daniel Carpenter,rossleslie@example.com
16,William Rodgers,troy72@example.com
17,Robert Hall,wanda42@example.org
18,Mary Small,pdominguez@example.com
19,Miguel Griffin,mark60@example.org
20,Scott Moore,rogerhernandez@example.org
21,Joseph Reynolds,millerjasmine@example.com
22,Ashley Winters,lisa01@example.com
23,Samuel Owens,richardquinn@example.com
24,Tyler Maynard,heather30@example.com
25,Linda Patrick,jgriffith@example.com
26,Amanda Moore DDS,patriciahernandez@example.net
27,Brittany Villarreal,matthew56@example.com
28,Sarah Hudson,jamesmann@example.com
29,Michael Ortega,laurieolson@example.org
30,Jessica Sullivan,singhgregory@example.net
31,Jamie Cole,matthew51@example.org
32,Jamie Carlson,jennifer73@example.com
33,Faith Prince,trandaniel@example.org
34,Eric Garcia,xmcclain@example.net
35,Cristina Ochoa,monica17@example.com
36,Sarah Franco,bishopashley@example.com
37,Norman Romero,edwinpage@example.org
38,Jessica Kaiser,jessicaparker@example.org
39,Andrea Vaughn,karen89@example.org
40,Misty Williams,knoxlindsey@example.org
41,Ryan Shaw,stevenweiss@example.org
42,Kelly Jennings,christophermoore@example.org
43,Jason Garcia,nancy57@example.com
44,Jeffrey Jones,steven33@example.com
45,Daniel Anderson,scottjason@example.com
46,Deanna Carlson,stevenssamuel@example.com
47,Tara Ramirez,bradley35@example.com
48,Tiffany Howard,frice@example.net
49,Victor Lee MD,jason83@example.net
50,Sarah Jackson,aconner@example.com
51,Daniel Oconnor,adrian53@example.com
52,Steven Carter Jr.,lisarobertson@example.org
53,Denise Cox,urich@example.com
54,Zachary Miller,eileen95@example.com
55,Colleen Wilson,josepheverett@example.net
56,Donald Young,rowlanddevon@example.com
57,Scott Oliver,michealchambers@example.com
58,Scott Costa,fparsons@example.org
59,Jessica Pratt,cassandra84@example.org
60,Sharon Hampton,willie01@example.com
61,Gail Duke,kyle17@example.com
62,Kristen Hughes,aarnold@example.net
63,Dean Daniels,dwelch@example.net
64,Betty Cantrell,wcrawford@example.org
65,Matthew Mcgee,bowmandeborah@example.org
66,Jamie Wright,brianna44@example.com
67,David Miranda,leeapril@example.org
68,Jill Johnson,mlopez@example.com
69,Robin Ortiz,swansonevan@example.org
70,John Adams,nathanclark@example.org
71,Justin Byrd,icox@example.net
72,Brett Hicks,fallen@example.org
73,Nathan Walton,stewartjohn@example.com
74,Alexander Kent,savannah51@example.org
75,John Simpson,victormedina@example.net
76,Brittany Irwin,aking@example.com
77,Donald Marshall,james36@example.org
78,David Brown,jeffrey26@example.net
79,Terri Cole,shawnturner@example.com
80,Jason Miller,dixonelizabeth@example.org
81,Barry Riley,howard26@example.net
82,William Cervantes,qramirez@example.com
83,Susan Turner,ywhite@example.net
84,Amanda Weber,alexandercompton@example.org
85,Nicole Anthony,brendan06@example.net
86,Anthony Cantu MD,whitealexandra@example.org
87,John Sims,dellis@example.net
88,Cathy Henry,terricampbell@example.com
89,Susan Huynh MD,brandonfarrell@example.com
90,James Lewis,matthew18@example.com
91,Andrew Coleman,jasonfritz@example.net
92,Stuart Good,hadams@example.net
93,Alexander Miller,andrewssergio@example.com
94,Jessica Robinson,jacob38@example.org
95,Amanda Morris,powerstimothy@example.net
96,Brian Mccarthy,sullivanmary@example.org
97,Jill Johnson,lori25@example.net
98,Lisa Jackson,hking@example.org
99,Dr. Jennifer Fowler,gbarber@example.org
100,James Goodwin,guerradaniel@example.net
101,Kimberly Johnson,jeremyhall@example.com
102,Patricia Dixon DVM,lovekimberly@example.com
103,Sheila Carpenter,cjacobs@example.net
104,Sharon Walker,alexanderchristopher@example.net
105,Sharon Stanley,tina89@example.com
106,Alexandria Shields,donaldhill@example.org
107,Derek May,xcarr@example.net
108,Mark Oneill,adamgardner@example.org
109,Melissa Martinez,williamsnicole@example.net
110,Patrick Barker,reyeskatherine@example.net
111,Amy Bernard,kenneth42@example.net
112,Kathy Bowers,dcortez@example.com
113,Leslie Lee,wjones@example.org
114,Sarah Howell,enguyen@example.net
115,Brian Marquez,angelamoore@example.com
116,Benjamin Davis,john01@example.net
117,Robert Castaneda,yanderson@example.net
118,Erica Gilbert,pgutierrez@example.com
119,Justin Ibarra,brandiwood@example.net
120,Kathleen Castillo,sanchezmichael@example.com
121,Cheyenne Rush,mitchellcarol@example.net
122,Susan Hernandez,tbanks@example.org
123,Paul Bass,meltonjustin@example.com
124,Robert Gould,waterschristopher@example.net
125,Adam Owens,ricky00@example.net
126,Matthew Harvey,denisenelson@example.net
127,Robert Ellis,fritzjoseph@example.org
128,Andrea Stokes,bianca59@example.org
129,Jennifer Pierce,laura03@example.net
130,Brian Thompson,jeremiah61@example.org
131,Joshua Cline,sanderson@example.net
132,Michael Harris,bbruce@example.com
133,John Williams,hodgesrachel@example.org
134,Ruben Sexton,john98@example.net
135,Brianna Richardson,mark67@example.net
136,Denise Carter,lopezbrianna@example.org
137,Keith Short,lori19@example.net
138,Jon Simon,angelarobbins@example.com
139,Drew Johnson,jenkinserik@example.com
140,Jason Johnson,rhowell@example.org
141,Kathryn Flores,vnolan@example.org
142,Edward Salazar,ambermoore@example.net
143,Drew Villa,mary22@example.net
144,Nathaniel Turner,terrymichael@example.net
145,John Conley,heathashley@example.org
146,Christopher Hogan,larsonjohn@example.net
147,Aaron Acosta,bradley23@example.com
148,Mr. Brandon Kennedy,hallen@example.net
149,Thomas Soto,ywang@example.net
150,Richard Hull,richard33@example.net
151,John Parker,chad31@example.net
152,Patty Ward,dennisstevenson@example.org
153,Penny Moore,matthew52@example.org
154,Jennifer Collins,jake67@example.com
155,Christopher Robbins,debrajones@example.org
156,Charles Brooks,lhayes@example.org
157,Joseph Watkins,douglas38@example.org
158,Randy Olson,wardjason@example.com
159,Latoya Snyder,davidrogers@example.org
160,Brittany Briggs,myersscott@example.com
161,Joshua Harris,vjones@example.net
162,Terrence Mejia,david04@example.com
163,Sarah Murphy,andersonandrea@example.org
164,Samantha Sharp,russell18@example.net
165,Daniel Gomez,kenneth20@example.org
166,Chris Alexander,rwelch@example.com
167,Mason Spence,barbara59@example.net
168,Robert Ford,harrisvictor@example.org
169,Christina Marquez,shall@example.org
170,Timothy Richard,spencerkeith@example.net
171,Christopher Hernandez,williampage@example.org
172,Dr. Laura Webb,lisacooper@example.net
173,Brenda Reed,michaelfranklin@example.net
174,Christopher Williams,kathleenespinoza@example.net
175,Jeremy Baldwin,ttorres@example.org
176,Jason Whitehead,simmonsanna@example.com
177,Wendy Foley,phillipsgary@example.net
178,Jim Schmitt,steven83@example.net
179,Debbie Jones,mercedes78@example.com
180,Eric Cole MD,robert76@example.net
181,Michele Wiggins,julia73@example.com
182,Ronald Kennedy,rodgersamy@example.org
183,Kenneth Obrien,simpsonraymond@example.org
184,Breanna Jones,frankhuffman@example.net
185,Michelle Cuevas,iperez@example.net
186,Angela Gonzalez,kathleenmcdowell@example.com
187,Gregory Mcmillan,jennifer58@example.net
188,Jacob Todd,ricky53@example.com
189,Sharon Davis,richardskristen@example.org
190,Charles Rogers,katie53@example.org
191,Jerry Maldonado,annalam@example.com
192,Paul Briggs,robert87@example.org
193,Andrew Holloway,ibrooks@example.com
194,Jonathan Smith,joshua96@example.org
195,Katherine Lee,wchandler@example.net
196,Daniel Conner,qreynolds@example.com
197,David Turner,zweaver@example.com
198,Monica Whitehead,xhart@example.org
199,Ricky Duran,carterdanny@example.net
200,Brenda Lane,proth@example.com
201,Eduardo Gonzalez,ufisher@example.org
202,Brittany Mcgee,jean83@example.org
203,Thomas Fox,angela10@example.org
204,Melissa Wells,davidperez@example.net
205,Mitchell Norris,angel71@example.org
206,Garrett Woodward,paulwhite@example.net
207,Jason Fields,davisshannon@example.net
208,Rhonda Vazquez,jonathan95@example.com
209,Scott Garza,dlarsen@example.com
210,Adam Richards,connie22@example.org
211,David Diaz,abrennan@example.com
212,Mrs. Carrie Sanders,jeffreyroth@example.com
213,Sandra Miller,hayscharles@example.org
214,Elizabeth Miller,kristopherjackson@example.org
215,James Wu,hriley@example.org
216,Jennifer Jones,camachokyle@example.com
217,Jason Ryan,matthew83@example.net
218,Sarah Thomas,judy01@example.net
219,Keith Ryan,marcusanderson@example.net
220,Susan Marshall,abarnes@example.net
221,Julia Davis,icooper@example.net
222,Jake Hardy,ruiznatalie@example.net
223,Elizabeth Jones,beth45@example.net
224,James Henderson,camposdebra@example.com
225,Megan Dawson,heather05@example.net
226,Samantha Rodriguez,mwebb@example.com
227,John Hill,brittany84@example.com
228,Karen Oconnell,lroman@example.net
229,William Gallagher,thomas97@example.org
230,Michael Morton,reesematthew@example.org
231,Vicki Scott,poolemichele@example.org
232,Michael Parker,burnettjean@example.com
233,Sean Barnett,zachary62@example.org
234,Colin Allen,alexisthompson@example.com
235,Christine Thomas,mary66@example.com
236,Timothy Rosales,stevenbailey@example.org
237,John Hendricks,asimmons@example.org
238,David Chung MD,jim20@example.com
239,Jeffrey Warren DDS,rachel49@example.com
240,Christopher Day,gainessteve@example.org
241,Mark Flynn,wrightamy@example.com
242,Charles Huerta,virginiabrock@example.org
243,Austin Ferguson,jmiller@example.org
244,Abigail Melendez,cheryldaniels@example.net
245,Jenna King,johnny95@example.net
246,Eric Austin,eanthony@example.net
247,Jackson Welch,dsantana@example.org
248,Lisa Jackson,christine54@example.net
249,Nicole Murphy,martinezwilliam@example.net
250,Brian Chapman,charris@example.net
251,Kiara Green,graytara@example.com
252,James Robinson,vanessagray@example.com
253,Nicole Jones DDS,hoodelizabeth@example.org
254,Patricia Johnson,adamssharon@example.net
255,Lori Medina,sacevedo@example.org
256,Sarah Thompson,kathy99@example.org
257,Brittany Bradley,ymccoy@example.net
258,David Rubio,ericksonryan@example.org
259,Lauren Hahn MD,christinacharles@example.net
260,Amanda Silva,singhbailey@example.com
261,Caitlin Roberts,schultzsamuel@example.com
262,Connor Stokes,trevorgrant@example.org
263,Jeffrey Smith,sandra24@example.net
264,Cory Stone,nelsonscott@example.net
265,Vickie Holmes,andrewcole@example.com
266,Michael Larson,bmartin@example.com
267,John Cowan,psmith@example.com
268,Gilbert Reed,akerr@example.org
269,Russell Young,yvonne06@example.com
270,Carl Reyes,downsjon@example.org
271,Kimberly Vazquez,jbarr@example.com
272,Melissa Harris,ncarpenter@example.net
273,James Reed,brennanerin@example.org
274,Austin Velasquez,moorejames@example.net
275,Jessica Gordon,cynthia67@example.com
276,Jacob Simpson,julie04@example.com
277,Linda Hart,sara91@example.org
278,Dustin Williams,tnunez@example.net
279,Evelyn Armstrong,browndana@example.net
280,Joanne Hodge,davidrivera@example.net
281,Zachary Lopez,tlewis@example.com
282,Kevin Flowers,samanthalopez@example.org
283,Kevin Perez,donnadaniels@example.org
284,Rebecca Kirby,johnny30@example.net
285,Christy Russell,millerthomas@example.com
286,Joseph Anderson,patrick42@example.org
287,Reginald Harris,sharonhorne@example.com
288,Michael Fletcher,kelly97@example.com
289,Janet West,jonathansimmons@example.com
290,Cody Olson,mphillips@example.org
291,Dr. Terrance Collins MD,changrenee@example.com
292,Matthew Graves,michelle44@example.org
293,Jesus Ware,rnelson@example.com
294,Brian Hines,ycurry@example.net
295,Joel Ortiz,ashley38@example.net
296,Rachael Pruitt,shawn63@example.com
297,Shane Allen,beth61@example.org
298,Kelly Romero,isaiah58@example.org
299,Jennifer Lewis,timothyparker@example.org
300,Heather Fleming,jamesjonathan@example.com
301,Beth Walls,vwilson@example.net
302,Erica Perkins,acostacarol@example.net
303,Jason Perry,gamblederrick@example.com
304,Melissa Williams,john10@example.net
305,Thomas Hale,mcmillandanielle@example.net
306,Brad Bell,dknox@example.org
307,Anita Cook,perkinsmaurice@example.net
308,Robert Schultz,sara69@example.com
309,Barbara Walker,phelpsgerald@example.net
310,Jacob Chapman,jennifer12@example.net
311,Jerry Valdez,middletontammy@example.org
312,Melissa Lewis,katherine30@example.org
313,Kevin Schwartz,meyerryan@example.com
314,David Harris,williamsashley@example.com
315,Courtney Carter,egonzales@example.net
316,Larry Taylor,ricky53@example.com
317,Miss Cindy Bryant,jessica77@example.org
318,Mario Herring,donnarichardson@example.com
319,Anita Green,alvarezmatthew@example.com
320,Phillip Monroe,michael87@example.com
321,Tiffany Butler,scottjeffrey@example.net
322,Anthony Townsend,abrown@example.net
323,Joshua Carroll,vincentperez@example.net
324,Tricia Moore,jacquelinevaughn@example.org
325,Deborah Evans,michelle77@example.com
326,James Ortega,ryan76@example.com
327,Andrew Underwood,john98@example.com
328,Kelly Fox,sampsonpaul@example.org
329,Suzanne Bowers,scottdouglas@example.org
330,Curtis Osborn,rscott@example.com
331,Jessica Warren,ovillegas@example.net
332,Frank Baldwin,krista03@example.org
333,Jacob Miller,jenniferobrien@example.org
334,Steven Webster,adrian92@example.org
335,Jay Berger,erika96@example.com
336,Leah Anderson,amy39@example.net
337,Ryan Blackwell,dominic07@example.org
338,Anne Richards,craigallen@example.org
339,Lisa Harris,bill29@example.org
340,Taylor Andrews,robertssarah@example.net
341,Richard Taylor,veronicahernandez@example.com
342,Diana Cross,lmckinney@example.net
343,Lisa Page,hhall@example.net
344,Janice Fowler,ndixon@example.com
345,Albert Mccoy,holly50@example.com
346,Rebecca Norton,scampbell@example.org
347,Aaron Chang,englishbrian@example.com
348,Stephen Stewart,derek50@example.org
349,Amanda Edwards,derrick90@example.net
350,Jesus Hodge,vchambers@example.org
351,Jacob Rodriguez,victoria82@example.com
352,Sharon Williams,jasonwilkinson@example.net
353,Brian Cunningham,brentwall@example.net
354,James Payne,sabrinahubbard@example.com
355,Nicholas Stein,roberto35@example.net
356,Juan Allen,kgallagher@example.org
357,Audrey Ross,alexandermary@example.com
358,Kimberly Franklin,frivera@example.com
359,Robert Boyd,hamiltonjonathan@example.net
360,Raymond Phillips,kimjeffrey@example.net
361,Gina Frazier,ismith@example.org
362,Denise Watson,jacksonjoyce@example.com
363,Brenda Adams,robinsonadam@example.net
364,Colin Bell,salinasveronica@example.org
365,Denise King,jasonstein@example.net
366,Heather Garcia,jaymichael@example.com
367,Pamela Robinson,tammie41@example.com
368,Brian Gilmore,ronaldlong@example.org
369,Dr. Jessica Singh,cameron36@example.com
370,Gregory Holland,anntorres@example.net
371,Michelle Larson,ledaniel@example.net
372,Michelle Lewis,heidi30@example.org
373,Melissa Vaughn,amandaanderson@example.net
374,Jason Ramsey,james15@example.org
375,Madison Coffey,alyssa78@example.net
376,Rachel Hill,brandonharding@example.org
377,Renee Thompson,wendydillon@example.net
378,Jack James,laura33@example.net
379,Justin Moore,broman@example.org
380,Maria Ward,jennifer54@example.org
381,Mary Phelps,coryreed@example.net
382,Elizabeth Freeman,martinlauren@example.org
383,Emily Newton,christopherevans@example.org
384,Ronald Miles,rshaw@example.com
385,Abigail Smith,kelsey75@example.com
386,Julian Mcknight,gilbert51@example.org
387,Brandon Mitchell,ycordova@example.com
388,Timothy White,wolfeandrea@example.org
389,Erin Fernandez,olong@example.com
390,Kimberly West,nicolebrennan@example.net
391,Ryan Walton,omiller@example.com
392,Emily Stanley,qcunningham@example.org
393,Samantha Berry,veronicathompson@example.org
394,Amanda Harris,sloanalan@example.org
395,Kimberly Fletcher,pcooper@example.org
396,Eric Tran,julie81@example.com
397,Audrey Warren,colemantracy@example.com
398,Elizabeth Edwards,munozgilbert@example.org
399,Scott Williams,fbrown@example.org
400,Sheryl Hayes,warrenrichard@example.net
