SupplierID,SupplierName,SupplierEmail
1,"Holmes, Wright and Edwards",lopezsarah@example.org
2,Diaz-Johnson,jmedina@example.com
3,"Mitchell, Bishop and Pugh",hjones@example.net
4,"Wilson, Brown and Fox",brandon79@example.org
5,Pearson-Wilson,randyfrye@example.com
6,"Ward, Roberts and Carpenter",jenkinstara@example.net
7,Brown PLC,michellelopez@example.net
8,Cook-Monroe,erogers@example.com
9,"Jones, Davis and Smith",hamptonolivia@example.org
10,"Harris, Gilbert and Anthony",fsavage@example.org
11,Russell-Duncan,cooperalfred@example.net
12,Hanson Inc,smithchristopher@example.com
13,"Beck, Moore and Gallagher",dallen@example.net
14,"Hansen, Mason and Johnson",christopherjacobs@example.com
15,Buchanan Group,kellyjackson@example.com
16,Mooney-Brown,xfrazier@example.org
17,Hernandez and Sons,matthew52@example.org
18,"Cummings, Thomas and Ford",griffinjoseph@example.com
19,Mills LLC,oreese@example.com
20,"Gonzalez, Williams and Scott",wilsonangela@example.com
21,"Mathis, Hernandez and Waters",danielmoses@example.net
22,Bennett Ltd,parkerkristen@example.net
23,Elliott and Sons,kimmorris@example.net
24,"Fritz, Benjamin and Patterson",samuel16@example.org
25,"Ortiz, Jackson and Lee",danieljimenez@example.net
26,"Cook, Morgan and Davis",gutierrezrhonda@example.org
27,Perez Ltd,hmeyers@example.com
28,"Heath, Chan and Jones",xmercer@example.com
29,"Pham, Wheeler and Wilkinson",aaron80@example.net
30,Alexander and Sons,hernandezvirginia@example.net
31,Edwards-Medina,xmontoya@example.com
32,Patton PLC,swilson@example.org
33,Taylor Group,willisrachel@example.org
34,Castro Inc,kylebarrett@example.org
35,Ross-Clark,timothy88@example.com
36,"Evans, Hernandez and Simpson",mark41@example.com
37,Gonzalez-Lee,joshuagrant@example.org
38,Ross-Carter,sherry50@example.org
39,"Bass, Zhang and Rogers",martinezanthony@example.net
40,Wilson and Sons,jgardner@example.com
41,Watts PLC,emilysutton@example.net
42,Garcia-Haas,upayne@example.net
43,Phillips Ltd,icook@example.com
44,Griffin Group,donaldsontodd@example.net
45,"Bonilla, Roberts and Simon",tonysmith@example.net
46,Downs-Washington,brian06@example.com
47,"Giles, Rosales and Smith",prussell@example.org
48,"Morris, Diaz and Stanley",dlee@example.net
49,Raymond LLC,mossangela@example.com
50,Smith Group,carlosjohnson@example.org
51,Black Inc,robert35@example.org
52,Nunez PLC,bethduncan@example.net
53,Hardy-Gill,sandrawatkins@example.com
54,Dunn-Howard,elizabethjenkins@example.com
55,Clark-Cuevas,kathryn09@example.org
56,Patel-Norman,zachary90@example.com
57,"Bryant, Thomas and Smith",cathy74@example.org
58,Martinez-Mitchell,ryan00@example.net
59,Carter-Arnold,andersonwendy@example.com
60,Harris LLC,mark39@example.org
61,"Alvarez, English and Simmons",joseph68@example.net
62,Reed Ltd,kellymark@example.org
63,Martin-Pierce,pcooper@example.com
64,Savage-Wolf,davismitchell@example.net
65,"Guerrero, Spencer and Hutchinson",olsonbrandi@example.net
66,"Lopez, Love and Randall",hallen@example.net
67,Nguyen-Jimenez,marygraves@example.org
68,"Perez, Fisher and Herrera",danielle28@example.org
69,Phillips Ltd,hkelly@example.net
70,Guzman Group,mooredanny@example.org
71,"Hodges, Higgins and Ferrell",dannymartin@example.net
72,"Hogan, Riley and Gill",jonesjuan@example.com
73,"Franklin, Snow and Hall",ambercherry@example.com
74,Short Ltd,nhoward@example.net
75,Deleon-Smith,yoderjohn@example.net
76,Clark Group,alison35@example.org
77,Johnson Inc,jlowe@example.com
78,"Barajas, Lee and Coleman",william24@example.net
79,Lawrence PLC,william96@example.com
80,Sampson-Andrews,hsanchez@example.net
81,Young Ltd,sarahjenkins@example.org
82,Gonzalez-Moore,jessica67@example.com
83,"James, Gonzales and Pratt",elizabeth80@example.net
84,Jackson-Owens,byoung@example.org
85,"Osborne, Haney and Sexton",ryan91@example.net
86,Mann-Jackson,nicholascastillo@example.com
87,"Thomas, Ross and Garcia",melindarich@example.org
88,Wright-Beck,stephen66@example.org
89,"Reilly, Watson and Duran",michealparker@example.net
90,Davis LLC,obrienlaura@example.com
91,Nunez LLC,michael98@example.com
92,Bryan Inc,ccastillo@example.net
93,"Foster, Diaz and Powell",jeffreysloan@example.com
94,"Russell, Clark and Dean",howellroger@example.org
95,"Duke, Joseph and Brown",griffinmary@example.org
96,Ewing Inc,mccarthycarly@example.com
97,Mcfarland-White,bgregory@example.org
98,"Long, Robinson and Ford",brianhurley@example.org
99,Reyes PLC,qowens@example.org
100,Powell-Allen,erica77@example.org
101,Beltran-Smith,matthewvargas@example.com
102,"Young, Johnston and Riley",christinaabbott@example.net
103,"Rivera, Reid and Smith",juliagonzalez@example.com
104,"Schmidt, Collins and Novak",johnsonwilliam@example.org
105,"Friedman, Pollard and Thomas",escobarkiara@example.com
106,Richards-Walton,pacekirk@example.org
107,Chan Ltd,sarah76@example.org
108,Reynolds-Martin,mthompson@example.net
109,Hill PLC,rowealejandro@example.net
110,Burns-Marsh,reynoldsvincent@example.net
111,"Craig, Morrow and Santana",evanstina@example.org
112,"Kim, Palmer and Lambert",contrerasvalerie@example.net
113,"Gonzales, Perez and Conway",lbrooks@example.org
114,"Fisher, Mitchell and Hester",hrogers@example.net
115,Mcdonald Group,nrobinson@example.org
116,Schmidt PLC,brian96@example.com
117,Orr and Sons,diaznancy@example.org
118,Evans-Ball,joneswilliam@example.com
119,"Frederick, Harrington and Doyle",rhernandez@example.net
120,Sanders-Booker,lcarroll@example.net
121,Rose-Smith,fperry@example.com
122,Krause-Todd,nicholasmills@example.org
123,White LLC,ljohnston@example.com
124,Rodriguez and Sons,emilysoto@example.org
125,"Duarte, Alvarez and Le",maryjennings@example.com
126,"Reyes, James and Reynolds",brittany54@example.com
127,Blankenship Inc,iruiz@example.com
128,Lutz-Martin,gvaldez@example.com
129,Hanna Inc,aaron81@example.com
130,Adams Inc,louis93@example.net
131,Moreno and Sons,tannerfreeman@example.com
132,Ramsey-Garcia,lbutler@example.com
133,Allen-Cox,murrayrichard@example.com
134,"Osborne, Lopez and Martin",veronica44@example.org
135,Campbell Inc,rbowen@example.com
136,"Perez, Smith and Nelson",royashley@example.org
137,Nguyen-Sanders,anna35@example.net
138,Baker-Grant,joshua40@example.com
139,Nelson-Mcintyre,johnhenry@example.com
140,"Montgomery, Carpenter and Willis",carol35@example.org
141,"Sims, Harper and Spencer",jacksonjennifer@example.net
142,"Prince, Ray and Fernandez",jennifer20@example.net
143,Cunningham-Mills,johnwerner@example.org
144,Ruiz-Gonzalez,ohall@example.net
145,Harrison Ltd,annclark@example.net
146,"Johnson, Estrada and Beck",agreene@example.net
147,Marquez Inc,alejandro01@example.org
148,Bowen Group,tsanchez@example.org
149,Gibson Group,michaelkevin@example.net
150,"Murphy, Thomas and Kirk",meganhernandez@example.com
151,"King, Gonzalez and Cole",fjohnson@example.net
152,Harris-Wright,emily66@example.org
153,Ruiz PLC,robertstanley@example.org
154,Garcia Group,michael64@example.com
155,Jones LLC,summersamanda@example.org
156,Brown and Sons,hallwilliam@example.net
157,Daugherty Group,powelljason@example.net
158,Harris PLC,peter46@example.com
159,Zavala PLC,bpowell@example.org
160,Mejia Inc,areynolds@example.org
161,"Brown, Stephens and Nelson",timothysanders@example.com
162,"Smith, Walsh and Rodriguez",michelle54@example.com
163,"Carlson, Mcclure and Smith",andrewramirez@example.net
164,"Hale, Lambert and Sullivan",ysimmons@example.com
165,"Hardin, Parrish and Reyes",emyers@example.com
166,"Weber, Mayo and Mejia",gardnerjessica@example.com
167,Miller-Allen,xpark@example.net
168,"Nolan, Lawson and Smith",nicholasbuckley@example.com
169,"Mendoza, Oliver and Garner",fmurphy@example.org
170,Cain Inc,brittanymiller@example.com
171,Lopez-Adams,csalas@example.org
172,Hooper-Hatfield,john58@example.com
173,"Morgan, Reynolds and Gibson",erinolson@example.org
174,Torres Ltd,patelnicholas@example.net
175,Griffith-Andrews,floresevan@example.com
176,"Ruiz, Molina and Thomas",megan20@example.net
177,Olson-Bowman,schroederdonald@example.org
178,Crawford-Morgan,wburke@example.org
179,Cross Inc,ygates@example.org
180,Luna Inc,jamesmonroe@example.org
181,Lee-Martinez,bwilliams@example.com
182,"Schneider, Hudson and Mendoza",millsbrandon@example.net
183,Chambers-Pollard,duane98@example.com
184,Jackson-Crawford,blee@example.org
185,"Santos, Robles and Lawrence",thomasmarquez@example.net
186,"Neal, White and Gardner",jasonschmidt@example.org
187,Jones-Smith,robinsonjohn@example.com
188,Dennis PLC,denise32@example.org
189,"Smith, Schwartz and Munoz",qjones@example.org
190,"Ortiz, Whitney and Strong",mkeith@example.org
191,Collins-Mercado,justinlindsey@example.org
192,Trevino and Sons,bfernandez@example.com
193,"Brown, Nicholson and Calderon",turnermichael@example.org
194,Johnson Inc,hawkinsarthur@example.com
195,"Dyer, Krueger and Alvarado",sharonmorrow@example.org
196,Rogers PLC,dennis22@example.com
197,Wolf and Sons,jonesjames@example.net
198,"Leon, Gutierrez and Mckee",johnnyallen@example.org
199,Garcia-Solis,bryce54@example.org
200,Martin-Murphy,bnelson@example.net
201,Donaldson-Jones,martinwhitney@example.com
202,Gross LLC,colemanalexander@example.net
203,"Bishop, Gomez and Rice",vanessakramer@example.net
204,"Evans, Dean and Lawrence",rgordon@example.com
205,Lee PLC,gregoryoliver@example.com
206,Mann LLC,kaitlynhaney@example.com
207,"Hicks, Berg and Huff",lisacrawford@example.com
208,"Boyer, Pham and Young",daltonkristen@example.com
209,"Bonilla, Meadows and Alexander",jimmywalters@example.org
210,Vargas and Sons,andrew14@example.org
211,Davis LLC,michael67@example.net
212,Price-Padilla,danielsmith@example.com
213,Shields Ltd,lroberts@example.com
214,"Patton, Stokes and Watson",phelpsjeffery@example.org
215,"Cooke, Wolfe and Dunn",vbailey@example.org
216,Lozano Group,ricky26@example.net
217,Watkins Inc,michael20@example.net
218,Crawford PLC,sandra82@example.org
219,Garner-Shaffer,wilsoncorey@example.net
220,Peck Group,petersongeorge@example.net
221,Smith-Jordan,rachelthompson@example.org
222,Taylor-Proctor,cmueller@example.net
223,"West, Jackson and Powell",gary57@example.org
224,"Williams, Williams and Nguyen",costadiana@example.org
225,"Scott, Strong and Terry",pamelabecker@example.com
226,"Flores, Ware and Conrad",hamiltonashley@example.net
227,"Payne, Glass and Schultz",lcook@example.com
228,"Terry, Schmidt and Lewis",leah36@example.net
229,Blackwell Group,nbrown@example.net
230,Bryan PLC,fchristensen@example.com
231,"White, Henry and Morales",brooksthomas@example.org
232,Lucas and Sons,bishopthomas@example.net
233,Robbins-Richards,christina18@example.org
234,"Perez, Arnold and Fischer",carrieelliott@example.net
235,"Stone, Butler and Warren",qcampos@example.org
236,Mcfarland Group,robert00@example.com
237,Gill Ltd,weberjames@example.org
238,Young LLC,hclark@example.org
239,"Salazar, Smith and Bartlett",fernandezdawn@example.com
240,"Ramos, Morrow and Palmer",westaaron@example.org
241,"Fowler, Garner and Hood",staceybrooks@example.com
242,Becker-Evans,aescobar@example.com
243,Pham-Jenkins,rossmiguel@example.net
244,"Freeman, Owens and Thomas",maureen09@example.com
245,"Blair, Ross and Lawson",michael44@example.net
246,Brewer-Moore,btorres@example.net
247,Wright Inc,fho@example.org
248,Williams PLC,rodriguezheather@example.org
249,"Olson, Friedman and Gibson",leescott@example.net
250,"Hall, Ruiz and Flores",kevinmendoza@example.org
251,"Reid, Thompson and Lewis",richardward@example.com
252,Haley-Price,joseph89@example.org
253,"Bright, Howard and Davis",ismith@example.org
254,Brown LLC,lisahaas@example.com
255,"Green, Wheeler and Fuller",michaelsullivan@example.net
256,Dean-Nelson,jhunter@example.com
257,"Olson, Scott and Fleming",luis16@example.net
258,Green-Robertson,lanejonathan@example.net
259,"Holloway, Weiss and Reynolds",maria95@example.com
260,Diaz Inc,joy78@example.org
261,Spencer PLC,morrisjennifer@example.com
262,Boyer-Walker,harringtondylan@example.net
263,Oliver Inc,garciastephanie@example.com
264,"Lee, Silva and Moore",richjohn@example.org
265,"Flynn, Young and Parks",hartmiguel@example.net
266,Franklin LLC,tina63@example.com
267,"Rojas, Cummings and Harris",atkinsonjennifer@example.org
268,"Owens, Roberts and Benjamin",duaneharmon@example.net
269,Duncan and Sons,boothgerald@example.org
270,"Rodriguez, Dunn and Cline",zmorales@example.org
271,Mercado and Sons,kathleenharris@example.com
272,Graham-Roberts,lozanojoshua@example.org
273,"Herring, Jackson and Lane",acoleman@example.com
274,Bennett Ltd,tiffanyfox@example.net
275,Arroyo-Hall,smithshelley@example.net
276,"Nicholson, Navarro and Torres",iwinters@example.net
277,"Harding, Flores and Carlson",lambertsusan@example.net
278,Stephens Ltd,amber72@example.org
279,Burns-Collins,prestonbradley@example.com
280,Pope PLC,sullivanpatricia@example.net
281,"Miller, Vasquez and Lynch",lindsey78@example.com
282,"Parker, Roberts and Keith",alicia90@example.org
283,Young-Martin,johncardenas@example.net
284,Evans and Sons,natalielara@example.net
285,"Curry, Bowman and Simpson",catherine95@example.com
286,"Martin, Hill and Gallagher",maydonald@example.com
287,Bruce-Baker,paula08@example.net
288,Hernandez Ltd,rsummers@example.org
289,"Mccarthy, Gibson and King",jrichardson@example.net
290,Scott-Lang,martinezmichael@example.com
291,"Rich, Scott and Boyd",davidcompton@example.net
292,Baker-Mitchell,joseedwards@example.com
293,Ponce LLC,richjon@example.org
294,"Hunter, Williams and Morales",wtorres@example.net
295,Walker LLC,michaelnguyen@example.com
296,Romero-Clements,brennanlance@example.org
297,"Marks, Lyons and Reyes",xlucas@example.com
298,Jackson Inc,victoriaho@example.com
299,Duffy Ltd,nicoleramirez@example.net
300,Thomas and Sons,kathrynlarson@example.net
301,Shaw and Sons,wigginsdavid@example.com
302,Lopez LLC,berrywendy@example.com
303,"Dean, Scott and Wright",haroldshepard@example.com
304,"Beasley, Morales and Lyons",flowe@example.com
305,Richard-Mora,scottgonzales@example.com
306,Lopez-Montgomery,vasquezronald@example.net
307,Williams LLC,daniel52@example.org
308,Johnson-Cooper,mitchelljacobs@example.com
309,"Johnson, Walker and Thomas",davismatthew@example.net
310,"Smith, Watkins and Gonzales",kellyduke@example.org
311,Alexander and Sons,jose90@example.com
312,"Williams, Weber and Valdez",bishopjuan@example.net
313,Alvarez-Scott,parkjames@example.com
314,Wade Group,kurtmyers@example.org
315,Jordan and Sons,wongbrian@example.net
316,"Figueroa, Young and Carson",michaelbenson@example.com
317,Vargas Group,patriciamiller@example.org
318,Rogers and Sons,shannoncoleman@example.com
319,Rodriguez Group,schultzdavid@example.org
320,"Craig, Miller and Shaw",holly71@example.com
321,Robinson-Miller,tmartinez@example.com
322,Davenport-Walker,adkinsbrittany@example.com
323,Carney Inc,kevin90@example.com
324,Bush-Hanson,jodigilbert@example.net
325,Wood-Maxwell,jennifer22@example.net
326,Brown-Lopez,emilyclark@example.org
327,Aguilar Ltd,benjaminsullivan@example.org
328,Jones-Stone,ypacheco@example.com
329,Gonzalez-Greer,jonesandrew@example.net
330,Leonard PLC,kaitlynnelson@example.net
331,Harding Inc,johnchen@example.org
332,Adams PLC,hwagner@example.com
333,Best-Valdez,shawmelissa@example.net
334,"Medina, Potter and Thomas",sheltongary@example.org
335,Thomas PLC,cynthia95@example.net
336,Henry Ltd,lori41@example.org
337,Cook LLC,jeffrey04@example.com
338,Hutchinson-Rojas,silvamichael@example.org
339,Mercer-Farrell,leah20@example.org
340,Ross-Baker,taterussell@example.com
341,Reed-Peterson,shane64@example.net
342,Robles-Ross,chengina@example.net
343,King-Newton,matthewcalhoun@example.net
344,Henderson Group,brucecaldwell@example.com
345,Ballard-Johnson,kayla44@example.com
346,Chapman-Ray,aroberson@example.com
347,Sandoval-Watkins,robert08@example.net
348,"Moran, Whitaker and Mitchell",cynthia70@example.net
349,"Robinson, Garcia and Davis",emiller@example.net
350,Cooke Ltd,burnsalexis@example.org
351,Rose-Chase,forbeshannah@example.org
352,"Johnson, Weiss and Sandoval",mariahardin@example.com
353,"Brooks, Lee and Lewis",douglas48@example.com
354,"Williamson, Owens and Guerra",rchavez@example.net
355,Coleman Ltd,sjones@example.org
356,Martinez-Lee,adam75@example.net
357,Reynolds-Garza,lestrada@example.org
358,Barnett-Johnson,rmcclure@example.net
359,"Chase, Ross and Marks",blane@example.net
360,Davis PLC,taylorhutchinson@example.org
361,"Kidd, Snyder and Anderson",christopherwalker@example.com
362,"Ford, Russell and Wilson",billy70@example.net
363,Campbell-Jackson,kingcalvin@example.com
364,Rocha LLC,ndavidson@example.net
365,Swanson Ltd,ashleyallen@example.net
366,Lucas-Sandoval,elizabeth97@example.org
367,Higgins-Orozco,dylan05@example.net
368,"Hays, Avery and Cohen",williamsmichael@example.org
369,Garcia PLC,lucassweeney@example.net
370,Hernandez LLC,fcastillo@example.net
371,"Johnson, Atkinson and Roberts",lorikidd@example.org
372,Hicks-Cook,odavis@example.net
373,Brown and Sons,janicepineda@example.net
374,Hall-Lowe,marymitchell@example.com
375,"Curry, Fox and Johnson",amy05@example.net
376,"Taylor, Brown and Patel",benjamin03@example.net
377,Flores Ltd,lindaevans@example.org
378,"Bullock, Becker and Harris",carneysandra@example.net
379,"Diaz, King and Martin",charles35@example.net
380,Mitchell Ltd,olsenmatthew@example.net
381,Duke Group,luke86@example.com
382,"Levine, Frazier and Green",heather23@example.org
383,"Solomon, Ingram and Rodriguez",donna86@example.net
384,"King, Evans and Moore",rramos@example.net
385,"Davis, Delgado and Lutz",david30@example.org
386,"Rubio, Dalton and Pena",langmelanie@example.com
387,Cohen Ltd,sandrastout@example.com
388,Neal and Sons,awalker@example.com
389,Rodriguez and Sons,rgreen@example.net
390,Cain-Dean,beannathan@example.org
391,"Webster, Zuniga and Stone",lspencer@example.org
392,"Hood, Brandt and Carr",canderson@example.org
393,Soto-Morgan,pagecharles@example.net
394,Owens-Ballard,jacquelineallen@example.org
395,Holloway-Mcneil,anthony36@example.com
396,Williams Ltd,cmorris@example.com
397,Curry-Ramsey,sjones@example.com
398,Warner LLC,kellymcintosh@example.com
399,Davis-Elliott,bennettbenjamin@example.org
400,Chandler-Cobb,pauljackson@example.com
