EmployeeID,EmployeeName,Position,HireDate
37527,Huntlee Stanbury,Librarian,11/12/2017
944603,Christin Pimblett,Computer Systems Analyst III,12/23/2013
30564,Caprice Spieck,Assistant Professor,1/11/2016
464387,Tybi Trangmar,Account Representative III,4/23/2019
796034,Jody Gjerde,Geological Engineer,12/23/2014
626958,Shandy Tytherton,Developer III,10/14/2015
808404,Arther Cope,Database Administrator III,10/11/2020
237915,Sydel Gillean,Analog Circuit Design manager,1/31/2021
664119,Hana Hambric,Nurse Practicioner,8/9/2018
154674,Candie Gurling,Senior Editor,9/23/2018
398054,Ernestine Symers,Cost Accountant,7/8/2010
469748,Egon Adamides,Quality Control Specialist,5/20/2006
435503,Audry Primo,Geological Engineer,10/14/2009
470132,Yvon Gallamore,Actuary,6/13/2021
302890,Codi Abelovitz,Senior Sales Associate,8/21/2004
250638,Alejandrina Desquesnes,Librarian,5/1/2021
550228,Meade Zecchi,Electrical Engineer,10/24/2000
139148,Sallie Plank,Director of Sales,1/27/2017
338742,Nancy Matteo,Marketing Assistant,11/22/2010
812811,Vlad Rust,Recruiting Manager,11/25/2006
143603,Tomas Oscroft,Sales Associate,5/8/2009
533973,Davin Di Roberto,Social Worker,7/13/2018
651673,Nate Sugarman,Professor,10/26/2010
702581,Licha Klimus,Director of Sales,6/19/2013
699357,Mirilla Hinchon,Accountant III,7/21/2012
376962,Kora Carde,Librarian,4/20/2016
993082,Katheryn Woodfin,Analyst Programmer,11/15/2009
4595,Nicoli Shorte,Actuary,11/27/2007
320767,Kathlin Grossier,Assistant Manager,12/9/2000
872803,Krissy Bolt,Software Consultant,2/3/2002
355313,Irving Lahiff,Geologist II,5/11/2014
321456,Karon Weitzel,Desktop Support Technician,7/7/2013
351664,Florance Davydkov,Physical Therapy Assistant,9/11/2010
62172,Nealson Dain,Marketing Manager,1/4/2011
719664,Buck Celle,Executive Secretary,6/29/2001
678341,Irita Dyster,Automation Specialist II,11/5/2021
448742,Anet McKew,Sales Representative,7/16/2022
800824,Teresina Eringey,Teacher,5/11/2018
319853,Evvie Blaschek,Nurse Practicioner,2/20/2003
845849,Veronique Cutforth,Accounting Assistant III,5/10/2010
754605,Witty Rowthorne,Quality Control Specialist,8/11/2016
568264,Felix Pactat,Chemical Engineer,8/3/2008
46705,Cordell Coatman,Assistant Manager,12/21/2022
987155,Devonna Fruchter,Paralegal,5/18/2011
362785,Bail Dunnan,Automation Specialist I,11/29/2018
339290,Candida Rivlin,Quality Control Specialist,7/21/2015
444036,Clovis Dury,VP Marketing,10/11/2005
705418,Eustacia Davidove,Staff Scientist,4/6/2003
707352,Kellia Iacovolo,Chemical Engineer,3/19/2011
939689,Amby Axelbey,Product Engineer,11/11/2015
634925,Gradeigh Pawelke,Staff Accountant III,1/16/2007
208104,Freida Greendale,Software Test Engineer III,2/24/2003
823008,Marley Van Leeuwen,Registered Nurse,7/30/2003
686663,Noah Humes,Structural Analysis Engineer,2/10/2022
966080,Dyanne Stonelake,Staff Scientist,3/5/2021
508722,Prisca Radish,Financial Analyst,1/24/2003
482402,Vivienne McAlpin,Health Coach III,7/21/2001
636357,Wilhelmina Werlock,Senior Sales Associate,3/29/2009
927713,Rhett Gorges,Marketing Assistant,12/12/2014
424465,Dwain Watt,Senior Quality Engineer,11/12/2014
821545,Nadean Barenski,Nurse Practicioner,8/16/2022
853349,Shurlock Unger,Mechanical Systems Engineer,1/2/2016
240694,Rhoda Crump,Civil Engineer,2/8/2020
356219,Davie Moran,Mechanical Systems Engineer,2/15/2014
583520,Baily Kigelman,Librarian,11/10/2007
916500,Elvira Ambroziak,Account Representative II,12/17/2017
662851,Esta Sealand,Compensation Analyst,5/20/2022
67486,Rochester Defond,Geological Engineer,10/7/2007
827693,Jennine Dusting,Computer Systems Analyst III,5/9/2013
336211,Barnabe Sitlinton,VP Product Management,9/25/2007
19874,Stefan Wastie,Graphic Designer,11/24/2022
289614,Lara Bernardeau,Recruiting Manager,6/27/2006
945216,Benedicta Juliff,Research Associate,7/3/2004
222760,Cybil Arnholdt,Social Worker,5/28/2015
219065,Glyn Reddick,VP Quality Control,5/27/2007
174124,Omar Wasmuth,Sales Representative,1/10/2003
372307,Silvana Isakowicz,Legal Assistant,5/1/2007
613355,Paul Giral,Recruiting Manager,9/20/2006
145119,Bruce McTear,Programmer Analyst III,6/20/2008
6031,Winona Lapslie,Junior Executive,2/21/2010
48615,Joyous Bydaway,Product Engineer,10/29/2013
823308,Nicol Melchior,Clinical Specialist,8/31/2013
216052,Dede Kienlein,Recruiting Manager,11/28/2013
415376,Sheffy Rothert,Librarian,9/22/2017
229479,Shurwood McAne,Tax Accountant,6/17/2014
101272,Elise Kinane,Account Coordinator,2/19/2019
212859,Jemmy Furmedge,Automation Specialist I,8/26/2005
775595,Anderson Perrycost,Geologist III,12/7/2010
525362,Brodie Faccini,Data Coordinator,11/30/2004
51226,Linc Messenger,Professor,10/7/2014
73567,Chrisy Riordan,Physical Therapy Assistant,2/7/2010
3203,Kip Bill,Cost Accountant,3/11/2005
396800,Osmund Foulks,Geologist II,9/16/2017
222412,Renee Stenbridge,Financial Advisor,3/16/2011
100752,Boothe Luxon,Marketing Assistant,5/26/2013
522293,Reinaldo Heckney,Senior Cost Accountant,4/28/2000
531549,Etienne Espine,Help Desk Operator,12/17/2008
93897,Klement Aynold,Computer Systems Analyst II,7/12/2022
192752,Christabel Yanshin,Senior Cost Accountant,6/10/2018
412056,Rita Sabbins,Research Nurse,9/25/2004
359308,Bartholomeo Biggerstaff,Financial Analyst,11/8/2009
863551,Anson Guido,Senior Sales Associate,5/27/2014
561389,Jerome Hardaway,Cost Accountant,11/28/2013
516054,Mirelle Grief,Systems Administrator III,9/5/2008
787801,Kirsti Varran,Nuclear Power Engineer,3/30/2011
742445,Genevra Sanders,Cost Accountant,1/20/2015
943835,Charlean Medcalfe,Desktop Support Technician,1/5/2019
902122,Shoshana Edison,Web Designer IV,1/27/2014
718645,Cass Burdett,Software Test Engineer III,1/28/2013
78004,Sansone Leftwich,Executive Secretary,12/21/2014
163699,Mikaela Hebblewaite,Design Engineer,5/10/2014
793241,Ado Moukes,Media Manager IV,3/21/2005
381329,Danya Yuryev,Electrical Engineer,9/22/2017
221335,Samara Luna,Senior Cost Accountant,1/18/2017
886997,Powell Woolf,Operator,11/28/2001
30156,Carrie Beat,Product Engineer,3/30/2012
105492,Danette Tedridge,Technical Writer,6/27/2002
930808,Philbert Noads,Assistant Professor,12/21/2000
538186,Stanford Stearns,Structural Engineer,10/28/2008
272700,Grady MacAvaddy,VP Sales,5/31/2012
448993,Lazaro Di Maria,Technical Writer,11/21/2012
138882,Angus Vanstone,Assistant Manager,3/23/2016
425051,Hyatt Lorraine,Engineer IV,7/4/2014
765150,Yovonnda Teggin,Quality Engineer,7/1/2000
994166,Padriac Forsyde,Help Desk Operator,6/30/2002
430672,Florenza Sherlock,Cost Accountant,12/1/2009
476243,Hortense Cowins,Financial Analyst,3/12/2003
736590,Missy Jura,Marketing Manager,6/30/2016
714500,Doralynn Cornill,Cost Accountant,1/30/2007
701330,Zorah Onele,Speech Pathologist,10/14/2011
638713,Lorna Laborda,Editor,11/5/2006
337685,Agosto Raatz,Web Developer I,1/2/2010
590941,Tades Lohde,Staff Accountant III,3/17/2015
388698,Hillie Swiers,Junior Executive,1/22/2016
64229,Penni Geeves,Account Executive,12/28/2000
997732,Ami Cresswell,VP Marketing,1/6/2017
255756,Bobette Tejada,Senior Sales Associate,4/10/2009
858735,Gilligan Wissbey,Graphic Designer,5/28/2009
99305,Chalmers Ruddiman,VP Marketing,10/12/2009
857298,Christoph Hughlock,Administrative Assistant II,3/30/2012
398767,Nerta Dosedale,Biostatistician III,1/14/2002
248059,Diann Goodreid,Compensation Analyst,9/18/2000
671265,Dillon Dain,Staff Scientist,1/22/2017
885342,Kevon Rennox,Accounting Assistant III,5/10/2022
697844,Georgiana Abrahamson,VP Quality Control,11/12/1999
758951,Dunn Easby,Software Test Engineer II,5/29/2003
332091,Zelma Votier,Registered Nurse,4/27/2022
570790,Celka Ragdale,Pharmacist,4/2/2021
48578,Annecorinne Zold,Nurse,7/20/2010
946382,Janette Attac,Director of Sales,5/30/2008
76252,Caril Fox,Geologist II,1/24/2003
643611,Erna Mussington,VP Quality Control,11/9/2004
473694,Liesa Stelli,Quality Engineer,11/1/2007
588327,Lock Ainslie,GIS Technical Architect,11/29/2012
442378,Charmian Mish,Financial Advisor,4/18/2000
306323,Jud Stoneley,Physical Therapy Assistant,3/6/2017
452090,Alice Jelk,Nuclear Power Engineer,6/16/2005
414934,Moira Roels,Computer Systems Analyst III,7/8/2015
715581,Ricky Pringour,Office Assistant II,7/15/2001
432471,Nikolai Whiteley,Design Engineer,8/20/2001
940114,Bo Sworder,Actuary,10/12/2006
704600,Saba Townshend,Product Engineer,5/18/2011
563559,Hurley Emps,Statistician III,12/9/2021
596818,Gayel Floris,Dental Hygienist,9/15/2005
455163,Reiko Bus,Social Worker,8/9/2005
650137,Julieta Imlen,Environmental Tech,8/9/2018
31685,Kayley Round,Senior Quality Engineer,11/17/2014
895500,Barnie Stentiford,Dental Hygienist,5/30/2019
352509,Anthea Gemmill,Internal Auditor,8/2/2015
598906,Thorn Eagger,Office Assistant I,6/5/2009
381834,Jessa Leopold,Physical Therapy Assistant,6/15/2016
66108,Clarie Julian,VP Quality Control,11/15/2006
572002,Tynan Huxter,Office Assistant IV,4/18/2008
688981,Killie Stickells,Help Desk Technician,3/29/2003
783755,Eydie Bunney,Food Chemist,10/11/2011
561741,Yardley Woodham,Marketing Assistant,2/14/2020
943139,Dyann Poxton,Software Test Engineer I,10/17/2011
462598,Alyss Yankeev,Software Consultant,1/1/2007
181975,Auberta Erley,Safety Technician III,12/3/2015
999184,Todd Freddi,VP Sales,8/25/2009
679199,Pinchas Shird,Editor,2/12/2019
764905,Magnum Goodisson,GIS Technical Architect,3/17/2003
78762,Fayette Larraway,Senior Cost Accountant,7/11/2021
839550,Kakalina Necolds,Business Systems Development Analyst,5/30/2016
741934,Saunderson Feuell,VP Marketing,1/3/2013
921598,Melinda Gerhardt,Geological Engineer,11/23/2003
458444,Marmaduke O'Hartagan,VP Marketing,2/3/2016
223301,Modestia Billows,Research Associate,7/26/2003
640690,Rodolph Costigan,Nurse,3/24/2015
386646,Dag Senogles,Financial Advisor,6/10/2009
802874,Bonnibelle Praundlin,Recruiting Manager,3/18/2013
128014,Faustine Cathesyed,Programmer I,4/22/2014
67820,Cary Hedgecock,Actuary,7/5/2011
258338,Lucas Cuningham,Tax Accountant,12/29/2011
155347,Karil Manjot,VP Accounting,7/9/2020
547849,Giacomo Izak,Senior Sales Associate,3/9/2009
503955,Galven Girauld,Marketing Assistant,4/5/2000
647316,Clyde Barber,Database Administrator II,10/26/2016
398498,Denise Fulmen,Nurse Practicioner,7/4/2014
663480,Shaina Dootson,Legal Assistant,8/13/2000
998364,Kelvin Goody,Speech Pathologist,3/18/2019
925616,Lynde Kynaston,Software Engineer II,8/3/2000
909026,Ted Grundy,Structural Analysis Engineer,6/25/2006
550370,Vittorio Slocket,Dental Hygienist,9/14/2005
530189,Lauren Manass,Pharmacist,10/31/2014
455381,Maddie Howie,Research Associate,11/16/2000
98290,Georgy Cabera,Product Engineer,4/28/2003
57450,Gaston Bumby,Senior Editor,6/30/2015
719599,Mikey Neale,Geological Engineer,1/14/2011
2223,Evy McCrann,Biostatistician IV,5/1/2019
881051,Harry Botwood,Tax Accountant,11/15/2005
228670,Melessa Craker,Clinical Specialist,9/12/2005
170972,Simone Cokayne,Sales Associate,1/25/2020
484314,Gracia Thursfield,Compensation Analyst,7/1/2004
703001,Lauraine Tyers,Teacher,8/2/2016
98271,Iolande Baumford,Occupational Therapist,7/26/2007
269389,Freddy Audenis,Safety Technician I,1/12/2002
963691,Kirbie Champerlen,Registered Nurse,5/9/2009
807944,Tristan Shawcroft,Cost Accountant,2/11/2015
794369,Jewell MacGillreich,Sales Representative,9/17/2000
945013,Willette Storton,Financial Advisor,1/29/2017
567389,Barbaraanne Chattelaine,Financial Advisor,9/17/2017
435493,Saba Chicco,Senior Cost Accountant,2/9/2022
844307,Ringo Thynne,Chief Design Engineer,5/31/2020
47166,Cortney Osipenko,Librarian,9/29/2008
930261,Kellina Kos,Recruiting Manager,1/29/2015
945285,Andrea Amorts,Biostatistician III,12/17/2006
714651,Muire Fullom,Staff Accountant IV,10/13/2019
664804,Catrina Izakof,Research Associate,10/14/2007
975897,Avram Belfitt,Compensation Analyst,11/26/2002
251736,Lanie Akester,Actuary,12/10/2020
615712,Red Danielli,Marketing Manager,4/12/2022
738382,Benetta Gavrielly,Nurse,8/8/2009
841263,Brandyn Newland,Civil Engineer,3/16/2016
209939,Kaspar Blinerman,Desktop Support Technician,4/3/2018
672196,Hort Burbury,Information Systems Manager,4/25/2020
50212,Jaynell Wogan,Senior Financial Analyst,6/6/2020
555445,Bibbye Doeg,Administrative Assistant III,5/2/2013
368029,Cornelia Baggally,Quality Control Specialist,6/10/2012
861307,Angelle Malpass,Business Systems Development Analyst,9/10/2007
805664,Antin Heinl,Research Nurse,12/28/2004
151269,Giorgia Enrrico,Systems Administrator II,8/6/2004
771314,Cristal Duley,Assistant Manager,5/28/2020
701547,Burtie Bordes,Programmer Analyst III,12/9/2014
929523,Silvester Sneesby,Safety Technician IV,12/7/2015
209431,Far Canfield,Executive Secretary,12/6/2020
856092,Yorker Pickle,GIS Technical Architect,3/15/2018
484151,Bryon Ollarenshaw,Paralegal,9/8/2018
607423,Wynny Goulding,Programmer II,1/3/2018
326643,Felicia Donald,VP Accounting,4/22/2006
207680,Cassandra Rist,General Manager,4/16/2011
897526,Renault Pherps,Senior Editor,12/3/2016
222601,Toddy MacTrustey,Internal Auditor,11/28/2015
340356,Gus Farland,Structural Analysis Engineer,3/3/2019
878829,Godfrey Margach,Nurse,4/9/2012
854544,Pernell D'Antuoni,Nurse,9/15/2001
795535,Evania Mouatt,Senior Financial Analyst,10/13/2004
637971,Lil Childerhouse,Community Outreach Specialist,8/3/2002
749124,Nannette Gravells,Recruiter,1/19/2019
378299,Meredithe Penwell,VP Product Management,4/21/2005
649906,Clement Delos,Human Resources Manager,4/6/2019
597594,Joeann Grishinov,Physical Therapy Assistant,11/16/2017
793729,Kalli Bulpitt,Registered Nurse,11/4/2018
14656,Jeanine Fadell,Web Developer IV,10/26/2008
210727,Esmeralda Mathers,Pharmacist,11/14/2006
800801,Celina Keary,Research Nurse,5/13/2018
406984,Goddard Klaussen,Accountant III,12/30/2008
43738,Katti Bittlestone,Senior Sales Associate,9/8/2006
767660,Danielle Orkney,Paralegal,2/3/2019
551803,Marabel Vonderdell,Cost Accountant,12/20/2000
780307,Efrem Wiley,Budget/Accounting Analyst IV,12/21/1999
658674,Mar Mackelworth,Financial Analyst,11/15/2011
615504,Gayler Tomashov,Financial Analyst,10/25/2016
266001,Nataline Mattecot,Senior Financial Analyst,6/13/2012
911371,Regine Crock,Media Manager II,10/11/2004
521617,Dynah Pashler,Geologist IV,7/2/2019
335941,Lorilee Capper,Analyst Programmer,7/7/2017
620581,Nikki Burges,Programmer II,8/24/2015
489817,Rafaello Poat,Financial Advisor,3/8/2007
680982,Jimmy Poynor,Developer II,10/18/2006
398368,Danyelle Fincher,Account Executive,12/24/2012
360036,Gaston Diver,Assistant Professor,7/4/2010
800535,Daisie Lankford,Analyst Programmer,10/13/2008
393389,Luke Gambie,Actuary,10/4/2016
425349,Gabrielle O'Bradden,Clinical Specialist,4/3/2007
100476,Steward Seakings,Executive Secretary,5/20/2021
374674,Zolly Haggie,Community Outreach Specialist,8/6/2002
247452,Tomasina Klimkin,Product Engineer,6/10/2006
767818,Adel Stapele,Design Engineer,4/8/2020
205430,Dud Schofield,Teacher,2/9/2020
160144,Monica Spare,Junior Executive,5/12/2016
463175,Danya Fairbridge,Structural Engineer,8/5/2006
487328,Ralina Lagen,Marketing Assistant,2/11/2013
729836,Corinne Meininger,Systems Administrator IV,3/27/2006
322918,Darrin Heugel,Actuary,6/7/2006
894118,Kaylyn Klousner,Environmental Tech,10/13/2000
827635,Aimil Egiloff,Tax Accountant,2/19/2004
651190,Kerwinn Bonhill,Computer Systems Analyst III,11/8/2002
75844,Adamo Andrivot,Software Consultant,7/16/2019
175678,Joannes Gallety,Software Engineer I,3/11/2011
880383,Konstance Glaisner,Assistant Manager,7/29/2019
115589,Jillie Coolson,Health Coach I,7/28/2004
641634,Lea Matejovsky,Editor,2/27/2001
919732,Thayne Tolle,Environmental Tech,9/5/2019
920272,Lanny Palluschek,Technical Writer,11/9/2012
354504,Joscelin Archambault,Environmental Specialist,1/25/2014
236684,Camala Ofener,Clinical Specialist,4/10/2001
301204,Lisa Leamy,Tax Accountant,10/23/2016
608288,Cad Skewis,Cost Accountant,3/20/2016
183423,Avram Lusted,Structural Analysis Engineer,5/27/2017
838450,Tobye Clemoes,Financial Advisor,3/21/2010
100745,Gretal Ewington,Civil Engineer,11/26/2012
585293,Roderic Starmore,Account Coordinator,11/3/2014
991460,Stefa Kloster,Community Outreach Specialist,11/2/2018
778955,Bryce Monketon,Web Designer III,12/14/2010
21288,Rafferty Brodest,Dental Hygienist,7/28/2006
67630,Neala Cristoferi,Office Assistant IV,9/14/2007
811413,Carmine Parker,Analog Circuit Design manager,1/29/2002
543251,Jo Huison,Junior Executive,5/8/2005
807622,Kerry Suett,Senior Sales Associate,1/27/2002
413471,Lesya Leftridge,Data Coordinator,5/16/2001
775546,Franzen Millican,Clinical Specialist,5/10/2012
64208,Ashley Presslee,Compensation Analyst,3/2/2005
984377,Eden Markham,Nuclear Power Engineer,11/11/2019
517828,Tamiko Blackston,VP Marketing,6/29/2000
900024,Lynsey Gebbie,Data Coordinator,11/18/2020
208075,Ricardo Szantho,Information Systems Manager,11/19/2003
502502,Bridget Kynman,VP Quality Control,10/3/2007
729731,Jena McSparran,Geological Engineer,5/20/2007
60276,Gabriele Mountney,Graphic Designer,5/12/2022
716611,Erek Twiggs,Chemical Engineer,3/26/2001
125722,Laurette Juanico,Electrical Engineer,12/5/2004
997693,Pattin Yggo,Environmental Tech,6/26/2000
657639,Effie Gerrie,Health Coach II,8/3/2007
702834,Hettie Shillabear,Community Outreach Specialist,7/28/2020
868371,Heall Neissen,Health Coach III,10/11/2004
960825,Tallia Geddis,Quality Control Specialist,6/5/2009
739478,Kent Figurski,Nuclear Power Engineer,5/24/2003
5178,Lida Longea,Graphic Designer,4/21/2017
85785,Chery Wyllis,Human Resources Manager,7/8/2008
904118,Felicia Dennick,Environmental Specialist,1/2/2002
244834,Miller Vear,Actuary,12/5/2013
302116,Annabelle Burth,Marketing Manager,6/4/2016
100321,Diena Pietasch,Community Outreach Specialist,8/18/2017
511652,Israel Pettigree,Accountant I,8/19/2010
120932,Cello Rickeard,Analyst Programmer,9/26/2015
354474,Eunice Gaule,Software Test Engineer II,12/21/2007
94882,Zebulon Benedito,Compensation Analyst,8/25/2020
452930,Oralie Stonier,Product Engineer,5/12/2003
307989,Deck Sever,Account Executive,1/1/2015
800171,Tom Lynes,Senior Developer,12/24/2012
995976,Ashton Wrathall,Internal Auditor,8/19/2015
271588,Giorgia Gibbetts,Developer I,12/1/2004
161080,Dita De Bruijne,Structural Analysis Engineer,4/1/2014
396360,Skippy Meffan,Junior Executive,8/5/2014
864273,Ranique Collier,GIS Technical Architect,12/2/2021
502080,Diena Dufaire,Nuclear Power Engineer,12/3/2018
357207,Evey Spriggin,Database Administrator III,9/11/2016
587863,Clarke Garretson,Financial Analyst,2/16/2003
588689,Griswold Bartolomeu,Occupational Therapist,10/31/2001
117335,Constance Swadlinge,Statistician II,1/11/2014
831447,Leann Aindrais,Associate Professor,6/21/2008
151740,Sonnnie Matczak,Engineer IV,8/9/2014
893584,Brant Coyett,Help Desk Operator,3/25/2022
911958,Beryle Witherdon,Librarian,4/18/2020
507615,Taryn Murrie,Account Coordinator,1/13/2021
915539,Rossy Barnhill,Tax Accountant,4/30/2003
785908,Titus Frick,Programmer III,7/25/2013
940732,Fransisco Grinvalds,Speech Pathologist,8/5/2013
2133,Wilhelm Trodler,Project Manager,1/29/2008
668389,Hilliary Yakubowicz,Librarian,7/13/2020
423240,Sophey Warbrick,Dental Hygienist,1/7/2018
936694,Nealon Heinzel,Marketing Manager,12/17/2005
477197,Eamon Canizares,Associate Professor,2/2/2002
378965,Flore Clegg,Health Coach II,1/15/2016
49672,Sigismund Iddison,Senior Financial Analyst,5/11/2015
190367,Hewe Streak,Research Associate,3/26/2021
695876,Leanna Donson,Media Manager II,12/30/2014
553470,Marjorie Siggee,Associate Professor,12/6/2001
395759,Nannette Millwater,Operator,10/8/2019
568576,Josepha Kinde,Clinical Specialist,6/18/2006
112532,Way Skynner,Accountant III,4/14/2005
161420,Sanson McRoberts,Payment Adjustment Coordinator,10/18/2018
639688,Erasmus Flatman,Account Executive,10/16/2011
461627,Chance McArte,Mechanical Systems Engineer,8/8/2015
266758,Jehanna Phillcox,Structural Analysis Engineer,8/25/2017
550435,Catrina Stockin,Account Coordinator,6/3/2004
804092,Mindy Triswell,Recruiting Manager,1/18/2009
51348,Les Calafato,Human Resources Assistant II,4/6/2018
150037,Englebert Twinberrow,Media Manager I,1/23/2014
478178,Cecilla Broadwell,Marketing Manager,8/29/2006
96967,Nance Defew,Compensation Analyst,6/13/2022
756174,Shelbi Devonald,Accounting Assistant II,4/28/2000
171300,Avram Hardistry,Assistant Manager,5/23/2010
852828,Marillin Shutle,Junior Executive,6/18/2013
784168,Lutero McGready,Accounting Assistant IV,3/15/2003
247785,Jarad Trosdall,Associate Professor,2/3/2005
926621,Korney Scrowson,Computer Systems Analyst IV,9/8/2006
86788,Moishe Gregorowicz,Accountant II,11/15/2018
366058,Hedda Caseborne,Paralegal,9/15/2021
633914,Leola Dobel,Senior Cost Accountant,12/24/2002
882801,Ailee Heatley,Dental Hygienist,9/20/2003
985192,Livvy Soughton,General Manager,2/1/2014
139766,Connie Durante,Accountant II,9/4/2007
188772,Manny Danielsky,Nuclear Power Engineer,2/23/2009
863294,Garrik Fermor,Analog Circuit Design manager,11/10/2020
444508,Sayre Sealy,Teacher,8/25/2001
508186,Cacilie Fatscher,Software Test Engineer I,6/13/2018
276854,Teodorico Jeffels,Professor,6/6/2019
470829,Rip Ding,Geologist II,6/11/2014
828127,Teresita Blanko,Senior Cost Accountant,3/7/2010
661321,Arvy Lorroway,Account Representative III,4/28/2022
640439,Danette Faers,Librarian,10/19/2003
553369,Erik Levin,Nuclear Power Engineer,12/8/2006
522047,Dara Pratchett,Chief Design Engineer,9/30/2000
514995,Gaultiero Washtell,Civil Engineer,1/18/2013
666290,Jorie Neilson,Director of Sales,7/21/2013
394075,Everett Lorne,Marketing Manager,10/11/2021
773622,Wendel Bourner,Clinical Specialist,5/7/2006
137763,Bari Hachard,Cost Accountant,4/23/2014
385907,William Hardeman,Payment Adjustment Coordinator,12/15/2002
66301,Oralle Warriner,Statistician IV,8/15/2008
823188,Winifield Ladell,Internal Auditor,9/20/2002
701735,Alwyn Waldie,Human Resources Manager,6/3/2015
681288,Ninon Duffield,Accountant II,10/18/2014
460096,Sharline Larciere,Chief Design Engineer,10/11/2016
933087,Carmon Atton,Nurse,9/18/2016
918618,Eolande Blackboro,Librarian,3/15/2004
228704,Joseph Ribey,Senior Editor,7/18/2015
33688,Vance Tomkins,Help Desk Operator,1/6/2003
245124,Sergei Orthmann,Pharmacist,7/6/2009
527958,Carol Cowton,VP Accounting,5/14/2004
288830,Zollie Really,Compensation Analyst,10/9/2001
692985,Charlean Godball,Dental Hygienist,1/7/2003
946255,Dannie Quadrio,Assistant Media Planner,11/24/2020
585170,Corene Steffan,Librarian,5/25/2014
155757,Jodi Willoughby,Human Resources Assistant IV,6/21/2000
818572,Eudora Speare,Account Coordinator,9/2/2009
810376,Meaghan Gittis,Database Administrator IV,11/24/2022
929145,Delmor Langhor,Developer IV,12/11/2011
945787,Herman Leverson,Staff Accountant IV,3/22/2003
233792,Osmond Lynagh,Biostatistician III,9/10/2004
171945,Niki Mapam,Physical Therapy Assistant,8/6/2020
473055,Alanah Blythin,Research Assistant I,2/15/2019
952953,Pavia Ceresa,Assistant Manager,11/1/2012
287141,Retha Royle,Director of Sales,10/13/2006
858124,Cosme Morey,VP Product Management,1/10/2006
771366,Garland Fargher,Nuclear Power Engineer,11/18/2017
791803,Marge Nathan,Analog Circuit Design manager,9/7/2010
126578,Helenka Ravillas,Recruiter,6/15/2008
415415,El Belsham,Structural Analysis Engineer,8/8/2020
9903,Nicky Getcliffe,Help Desk Technician,5/28/2000
875868,Menard Ridde,Director of Sales,8/2/2010
348912,Kali Monshall,Project Manager,9/22/2006
152045,Minnnie Sivorn,Engineer II,11/14/2000
225081,Gray Cerie,Project Manager,8/3/2010
128418,Far Buttwell,Project Manager,6/6/2003
132646,Bronson Whannel,Junior Executive,6/9/2001
765280,Thornton Middup,Physical Therapy Assistant,7/28/2018
399462,Elmira Brobak,Clinical Specialist,4/18/2022
538505,Claude Andreolli,Web Developer IV,7/1/2008
766557,Moyra Akister,Senior Editor,6/26/2000
158019,Letizia Tearle,Chief Design Engineer,6/19/2006
67409,Anne Goodie,Account Coordinator,1/27/2007
436491,Ailina Jacob,Computer Systems Analyst II,9/22/2011
12092,Thor Kuhle,Senior Cost Accountant,11/11/2011
714588,Freida Legendre,Clinical Specialist,5/15/2012
210336,Laughton Roseaman,Quality Control Specialist,12/26/2016
280213,Dietrich Sponder,Health Coach IV,5/22/2006
762468,Appolonia Dorricott,Developer III,5/12/2013
186902,Junie McIllroy,Chemical Engineer,2/1/2004
729657,Flore Joriot,VP Marketing,3/22/2017
677494,Gussi Wyche,Environmental Specialist,12/15/2021
569301,Hartwell Avramovitz,Associate Professor,6/1/2018
300327,Daveen Matschke,Editor,12/1/1999
862159,Amie Lower,Senior Editor,11/22/2006
519006,Kylynn Rawlin,Staff Accountant III,1/23/2000
788998,Christiana Castell,Physical Therapy Assistant,8/21/2006
622829,Marsha Trowill,Structural Analysis Engineer,7/30/2005
777146,Knox Demelt,Web Developer III,6/29/2010
742273,Bobinette Van Weedenburg,Software Engineer II,5/6/2004
187297,Baryram Reveland,Community Outreach Specialist,3/11/2003
119504,Micheline Puleston,Accountant III,1/11/2018
837970,Eleanore Kluger,Biostatistician I,1/11/2018
512104,Woodrow Shynn,Software Consultant,10/6/2005
79823,Llewellyn Saenz,Legal Assistant,9/16/2010
911978,Chan Robottham,Research Nurse,9/12/2003
168286,Herrick Bettington,Programmer IV,10/4/2021
226474,Marybelle Newing,Registered Nurse,2/23/2022
259830,Rees Macellar,Account Representative I,3/25/2022
808165,Thedrick Stennet,Office Assistant III,3/1/2021
344005,Rodge Boyde,Tax Accountant,6/11/2013
124825,Pearline Jubb,Nurse Practicioner,8/5/2020
579689,Shalne Cattermull,Clinical Specialist,9/3/2014
992389,Margalit Stable,Physical Therapy Assistant,5/24/2016
109708,Seth Doylend,Director of Sales,6/23/2010
320607,Iris Nutman,Senior Financial Analyst,4/28/2021
864408,Dominik Skurray,VP Accounting,2/21/2016
912659,Arv Casterot,Senior Sales Associate,4/24/2011
480974,Fanya Ahmad,Web Designer IV,2/28/2000
840266,Kathlin Kynsey,Occupational Therapist,5/13/2022
938716,Brod Swinbourne,Web Developer I,3/19/2015
213587,Lotta Boggish,Social Worker,8/16/2013
211094,Shanon Doerren,Financial Advisor,7/23/2001
479202,Kristyn Payle,Nuclear Power Engineer,4/30/2001
658765,Salaidh Allibon,Quality Control Specialist,4/3/2017
229252,Elianora Trimby,Software Engineer I,2/6/2005
40654,Audrie Ridgewell,Senior Developer,6/5/2014
853211,Chucho Woollhead,Executive Secretary,11/22/2015
123144,Agustin L'Archer,Environmental Specialist,12/14/2000
682848,Emmie Rawlin,Staff Accountant III,5/5/2015
755368,Becca Dominichetti,Senior Developer,2/17/2016
904834,Pearle Burhouse,Senior Developer,10/7/2018
662114,Malva Petrak,Senior Sales Associate,6/13/2018
88540,Tristan Stallworthy,Administrative Assistant IV,11/4/2001
100804,Dianne McQuie,VP Quality Control,11/3/2004
84595,Jobina King,Senior Financial Analyst,7/11/2015
513143,Kaila Christian,Assistant Professor,4/10/2016
128406,Barris Flintoft,Staff Accountant IV,2/9/2022
720487,Daloris Slowley,Actuary,2/27/2003
166896,Devonne Leversuch,Community Outreach Specialist,2/4/2021
816448,Derry Jzak,Editor,9/1/2006
930943,Grenville McElrath,Help Desk Operator,11/2/2019
765888,Bruce Bryett,Assistant Media Planner,2/23/2019
470069,Billy Udale,Financial Analyst,7/10/2015
75166,Giordano Weatherell,Computer Systems Analyst II,2/24/2007
653812,Devina Ferriby,Clinical Specialist,2/3/2013
23829,Myrtia Cockin,Developer II,3/14/2007
106823,Annabel Jeens,Community Outreach Specialist,11/24/2010
555420,Dominick Suche,Financial Advisor,5/26/2000
62189,Alphonso Mashro,Design Engineer,11/4/2011
698779,Johnna Buggs,Pharmacist,9/7/2000
353561,Merissa Grigolli,Safety Technician II,7/19/2018
420413,Robby Burlay,Paralegal,6/2/2015
901993,Pietrek Brigginshaw,Safety Technician I,3/9/2013
227827,Wilfred Maylott,Electrical Engineer,5/16/2006
773531,Don Nealon,Health Coach III,10/28/2018
905664,Faunie Battershall,Operator,7/21/2004
429058,Colene O'Hingerty,Compensation Analyst,11/25/2021
752500,Anette Taffe,Food Chemist,6/8/2012
475699,Annmaria Roman,Assistant Media Planner,2/14/2015
741937,Cherin Dwelley,Sales Representative,12/15/2011
131979,Raffarty Starkey,Engineer IV,12/6/2008
854805,Uri Juggins,Automation Specialist I,4/7/2003
561452,Symon Bramhill,Payment Adjustment Coordinator,12/11/2017
755866,Elsinore Cammidge,Web Developer II,4/3/2005
487076,Jacquelynn Brader,Assistant Media Planner,4/1/2005
176253,Benoit Heintsch,Business Systems Development Analyst,12/29/2007
803148,Jerad Stanaway,Administrative Assistant II,1/7/2006
832277,Dyanna Rottgers,Structural Engineer,4/16/2008
697932,Gigi Griffoen,Quality Engineer,3/4/2003
346055,Jakob Casiroli,Graphic Designer,7/5/2018
215868,Gail Petters,Junior Executive,3/25/2008
945899,Raimundo Spittles,VP Marketing,6/16/2015
313760,Marcelle Domican,Sales Associate,6/28/2013
674326,Benedetto Stillman,Safety Technician II,3/16/2020
363180,Abel Seydlitz,Executive Secretary,10/9/2008
414250,Robinett Gascone,Physical Therapy Assistant,9/26/2014
884468,Devin Borrett,Teacher,8/9/2006
523514,Jasun Morat,Cost Accountant,8/12/2003
97323,Jonathon Ewdale,Statistician IV,8/27/2005
715246,Van Planke,Automation Specialist I,4/19/2000
945411,Naomi Garner,Recruiting Manager,11/26/2000
347700,Edsel Albert,Operator,7/24/2019
538970,Cymbre Castana,Speech Pathologist,2/18/2014
277648,Whitney Dobbison,Speech Pathologist,5/3/2018
481299,Ailsun Midson,Web Designer I,11/9/2003
575125,Sabine De Vaar,Community Outreach Specialist,12/2/2011
611232,Abagail Filippozzi,Marketing Manager,11/10/2019
247141,Leif Coulton,Dental Hygienist,4/14/2008
113802,Brunhilde Obern,Software Consultant,10/13/2000
290558,Shani Loxley,Geological Engineer,9/5/2017
768995,Merci Adlington,Accountant IV,9/15/2008
685983,Pier Bartlomiejczyk,Actuary,2/23/2012
875513,Normy Grinikhinov,Financial Advisor,7/10/2010
114300,Quintina Pennicott,Software Consultant,2/1/2007
310942,Boy Hillburn,Business Systems Development Analyst,9/21/2011
976374,Sal Roakes,Help Desk Operator,4/23/2016
673315,Flemming Reina,Analyst Programmer,9/21/2017
382344,Jennica Barrar,Assistant Professor,3/27/2004
29694,Casi Askew,Registered Nurse,12/6/2009
342902,Edik Matyasik,Account Representative III,10/17/2017
980110,Ashby Balcombe,Human Resources Manager,4/8/2003
844336,Tuckie Guidotti,Tax Accountant,1/13/2012
991673,Hyacintha Ever,General Manager,6/19/2022
952466,Stuart Larwood,Operator,10/30/2004
160640,Moss Seagood,Tax Accountant,5/1/2004
325616,Massimiliano Foker,Account Representative II,12/2/2013
348441,Cathleen Pymer,Research Assistant II,3/11/2015
264953,Faulkner Adderson,Compensation Analyst,4/21/2007
980552,Donella Caseley,Human Resources Manager,6/7/2000
714913,Turner Mordacai,Database Administrator IV,12/25/2001
188773,Candie Cornall,Budget/Accounting Analyst III,10/22/2009
189742,Ashley Puckring,Software Engineer II,9/2/2006
249753,Marcelia Kuhn,Senior Developer,6/26/2006
124657,Joey Rosenblath,Database Administrator III,5/23/2014
35828,Cahra Ible,VP Quality Control,1/1/2020
884932,Roberto Callaway,Editor,7/16/2020
824433,Cherie Barnewille,Assistant Media Planner,7/9/2010
382812,Manda Abbotts,Research Associate,4/28/2005
136758,Antonino Stote,Programmer Analyst I,11/30/2016
815955,Jarret Ellerey,Executive Secretary,2/26/2020
386557,Vince Abthorpe,Systems Administrator IV,1/18/2001
231531,Anette Johantges,Project Manager,4/1/2018
82777,Daphne Fidian,Design Engineer,8/9/2004
278095,Clerc Tomovic,Geologist II,5/31/2000
396482,Gavra Grimsditch,Sales Associate,7/17/2012
319129,Ianthe Delacourt,VP Quality Control,1/28/2017
465570,Brandais Corradengo,Senior Sales Associate,10/30/2007
951913,Lurette Overpool,Statistician I,3/14/2010
836927,Dudley McReynold,Civil Engineer,4/28/2014
107555,Alica Colomb,Dental Hygienist,8/7/2013
453096,Kara-lynn Minucci,Geological Engineer,10/14/2014
521997,Debor Zoellner,Help Desk Technician,6/9/2020
400392,Pauli Hedge,Senior Developer,8/2/2001
992638,Caroline Edwicke,Editor,2/12/2005
208584,Ashia Barde,Account Coordinator,10/18/2007
185746,Goldarina Mattecot,Software Test Engineer I,11/29/2022
61896,Agace Dartan,Research Assistant I,7/15/2002
234563,Dian Thornewill,Software Consultant,10/4/2014
101734,David Leat,Statistician III,4/12/2000
620325,Pierce Taggett,Nurse,12/13/2016
597129,Even Shepeard,Human Resources Manager,1/25/2005
579167,Galen Gouley,GIS Technical Architect,12/5/2000
678159,York Fell,Librarian,8/6/2022
71335,Waldon Quinnet,Human Resources Assistant II,6/7/2007
45627,Deidre Comrie,Registered Nurse,8/14/2007
725558,Dena McDonagh,Community Outreach Specialist,5/3/2016
342423,Conchita Caberas,Community Outreach Specialist,5/11/2014
901870,Emalee Harly,Web Developer III,8/30/2004
724469,Rakel McGebenay,Structural Engineer,4/30/2012
104124,Babb Dellenty,Clinical Specialist,7/9/2010
826870,Moore Morteo,Information Systems Manager,3/20/2013
557801,Evangelin Stower,Geological Engineer,7/29/2006
781570,Antonella Thurske,GIS Technical Architect,5/11/2021
540618,Siffre Kleinber,Project Manager,6/27/2020
523188,Eda Ollerhead,Developer I,5/17/2001
9745,Ad Kermeen,Clinical Specialist,11/21/2006
270046,Jacob Wagenen,Graphic Designer,2/22/2022
20298,Coralie Garlee,VP Sales,7/20/2001
460847,Barnabas McGeady,Environmental Specialist,9/7/2014
130667,Margarita Steeples,Analyst Programmer,2/28/2013
436702,Chalmers Honatsch,Quality Control Specialist,10/7/2007
148739,Erinn McMorran,Quality Control Specialist,2/5/2008
440238,Marcelia Marshalleck,Civil Engineer,11/24/1999
187565,Witty Kebbell,Pharmacist,1/15/2016
525627,Loleta Amberg,Account Representative IV,8/13/2014
879612,Kaitlin Ell,Software Engineer I,1/21/2013
824379,Prudi Brewitt,Geological Engineer,9/10/2001
699392,Iseabal Bater,Speech Pathologist,7/27/2021
249004,Kinsley Bantock,Sales Representative,8/16/2002
537395,Angel Islep,VP Product Management,11/21/2010
915200,Garner Stallan,Engineer III,12/6/2006
779785,Corina Crowd,Senior Sales Associate,2/7/2009
686090,Margaux Quigg,Accounting Assistant IV,6/16/2004
171987,Celka Watting,Help Desk Operator,9/8/2011
710105,Tabbatha Matresse,Librarian,3/20/2018
741183,Washington Fingleton,GIS Technical Architect,2/18/2000
638125,Alene Adamiak,Legal Assistant,7/28/2015
234299,Ellswerth Blakely,Biostatistician IV,10/27/2012
911393,Jeremias Lipscomb,Nurse Practicioner,7/21/2009
762141,Job Bohike,Staff Scientist,9/11/2008
421454,Stevie Matschuk,Software Engineer III,9/3/2020
959751,Sonnie Buddles,Technical Writer,1/14/2004
952849,Patsy Mac Giolla Pheadair,Accounting Assistant IV,3/17/2001
715331,Siobhan Anetts,Web Developer III,4/18/2015
555481,Jacquelynn Werndley,Structural Analysis Engineer,7/1/2018
946335,Patsy Brettoner,Senior Quality Engineer,1/13/2015
545433,Kylie Bilby,Staff Accountant IV,3/16/2022
523892,Barrett Simunek,General Manager,10/23/2008
820936,Brig Matusevich,Geologist III,6/29/2006
823735,Rolph Quinby,Computer Systems Analyst IV,4/17/2006
928088,Cam Scuse,Chemical Engineer,10/1/2016
128706,Shelly Carbonell,Account Executive,5/3/2008
582280,Sal Greatbank,Internal Auditor,10/30/2001
61390,Ailina Davinet,General Manager,2/11/2005
336993,Orin Waber,Project Manager,8/22/2012
256565,Augusta Kingman,Computer Systems Analyst IV,5/23/2020
172876,Tiebold Marzelo,Human Resources Assistant III,9/12/2000
456930,Lianna Eddis,VP Accounting,2/14/2011
723067,Hally Tomkys,Senior Cost Accountant,7/23/2000
75056,Bridget Sainteau,Editor,8/12/2000
448915,Alina Geeve,Librarian,4/2/2019
448442,Thibaud Rubinsztein,Editor,11/25/2018
461038,Katya Lopez,Chemical Engineer,8/24/2004
369412,Josh Fairley,Registered Nurse,5/22/2010
861563,Carey Bramham,Account Executive,4/11/2002
738307,Devin Micheu,Financial Advisor,8/15/2020
561169,Udall Hassekl,Technical Writer,3/9/2011
930053,Kirsteni Pitford,Nuclear Power Engineer,1/20/2005
69707,Meredith Budnk,VP Accounting,7/18/2011
24045,Eirena Millyard,Account Representative II,8/24/2008
839958,Dougy Meaker,Environmental Specialist,12/20/2004
222671,Lynnet Scowen,Geological Engineer,12/11/2006
882763,Sauncho Claisse,Tax Accountant,2/17/2022
795670,Kermy Stanluck,General Manager,4/25/2003
731697,Alfonso Venour,Account Representative III,6/10/2007
708026,Constanta Minocchi,Research Nurse,6/4/2004
747459,Chrystel Fardoe,Chemical Engineer,10/2/2021
818829,Annabell Klimov,Project Manager,6/21/2001
287677,Laurens Knatt,Pharmacist,9/12/2013
618818,Heloise McGrowther,Statistician III,1/24/2017
252450,Ronni Baskeyfield,Environmental Specialist,1/11/2022
294768,Lindy Ortzen,Chief Design Engineer,5/5/2006
975166,Lani Glader,Teacher,5/25/2018
794252,Ernestine Farington,GIS Technical Architect,3/11/2014
829308,Carmelina Clemensen,Recruiting Manager,9/17/2022
424717,Ellis Bunyan,VP Product Management,4/23/2004
962229,Eleanora Ormston,Staff Accountant II,1/18/2012
380287,Stormy Tice,Editor,5/28/2020
773852,Nerita Largan,Legal Assistant,1/25/2014
620731,Cherianne Mogie,Marketing Manager,12/29/2003
120572,Simeon Ather,Financial Analyst,9/27/2016
856078,Scott Vida,Account Coordinator,10/25/2010
860372,Mufi Tavinor,Nurse,10/10/2008
867018,Merilee MacLleese,Associate Professor,6/1/2001
764059,Babara Benzies,Recruiter,1/25/2012
415219,Madel Doughton,Civil Engineer,6/27/2013
178806,Amata Eberlein,Clinical Specialist,11/21/2002
812075,Barbe Willoughby,Compensation Analyst,10/28/2009
374476,Harlen Castanho,Research Assistant III,4/12/2008
665302,Chrysa Allbon,Design Engineer,10/10/2018
563578,Kristine Valder,Database Administrator II,1/22/2004
202996,Miranda Jakubowski,Budget/Accounting Analyst III,9/18/2004
94902,Timothy Duffitt,Nuclear Power Engineer,2/4/2007
179086,Verney Grane,Project Manager,4/15/2007
917609,Garrek Wackley,Food Chemist,9/1/2007
283848,Darda Thairs,Developer III,12/19/2005
867340,Cordie Spurden,Registered Nurse,8/21/2019
5363,Darcee McGrudder,Database Administrator IV,10/29/2016
663549,Suzie Shakespear,Assistant Media Planner,1/15/2008
280559,Leontyne Childers,Pharmacist,2/21/2016
601764,Lucho Faley,Quality Control Specialist,9/15/2021
52630,Tersina Pocklington,Automation Specialist I,7/31/2007
521824,Hendrik Beswick,Actuary,6/6/2001
880548,Winthrop Rockall,Internal Auditor,5/28/2010
368042,Valle Caudle,Analyst Programmer,12/5/2004
49637,Saunderson Conkay,Developer II,10/26/2000
573762,Rhianna Killingsworth,Senior Editor,11/15/2012
992585,Doloritas Formigli,Assistant Professor,1/6/2004
692518,Sam Thys,Legal Assistant,7/1/2018
315068,Rebeka Sycamore,Geological Engineer,10/3/2009
570504,Shirley Fernyhough,Mechanical Systems Engineer,7/21/2015
580572,Joel Gatherer,Research Nurse,6/14/2006
488305,De witt Salzburg,Senior Editor,5/5/2007
67223,Michael MacGaffey,Analog Circuit Design manager,10/26/2010
992970,Bee Lackner,Senior Cost Accountant,10/20/2014
986716,Humphrey Wickham,Senior Developer,12/27/2019
296987,Lilyan Sollon,Environmental Tech,11/27/2009
153953,Obed Musicka,Analyst Programmer,12/7/2020
762602,Tania Witch,Environmental Specialist,11/7/2017
324812,Nicolas Caverhill,VP Sales,11/27/2006
70213,Faulkner Sterke,Human Resources Assistant III,2/9/2020
246083,Christabella Hammerberger,GIS Technical Architect,2/9/2020
644882,Laural MacKellar,Pharmacist,6/14/2007
138027,Sayre McCloch,Help Desk Operator,6/24/2019
459450,Forster Pagitt,Automation Specialist III,11/10/2014
51970,Erl Harly,Financial Advisor,1/8/2013
650470,Corrie Skoate,Environmental Tech,3/29/2003
310339,Melodee Sevior,Assistant Professor,12/18/2006
423364,Valencia Westcot,Software Test Engineer IV,4/15/2014
776187,Babs Cussons,Media Manager IV,12/5/2008
394271,Zacharie Craney,Associate Professor,7/10/2011
403047,Tadio Overstreet,Data Coordinator,8/21/2002
210339,Katina Perfili,Engineer III,4/16/2011
455969,Saleem Lohde,Product Engineer,11/9/2019
443891,Vlad Heinemann,Associate Professor,3/3/2012
740831,Julian Kelleher,Marketing Assistant,10/23/2000
236411,Steve McLelland,Financial Analyst,10/22/2021
491444,Meredeth Adrienne,Financial Analyst,12/10/2011
145149,Catarina Capehorn,Civil Engineer,11/13/1999
933998,Edd McCowan,Health Coach IV,6/13/2014
472217,Billi Coursor,Senior Developer,3/25/2019
239766,Emilia Dowgill,Design Engineer,10/31/2000
12112,Shaw Jepson,Editor,10/14/2013
481872,Avery Seston,Clinical Specialist,5/13/2004
339972,Britt Charlesworth,Account Executive,4/18/2015
247579,Kalil Breeder,Physical Therapy Assistant,8/6/2005
719215,Stephanus Billitteri,Professor,7/24/2003
320146,Imelda Jeandot,Structural Analysis Engineer,10/19/2016
942241,Horten Sefton,Analyst Programmer,2/6/2005
70206,Horace Gatecliffe,Assistant Professor,11/11/2011
49526,Nobe Spacie,Operator,9/8/2000
87545,Rosamund Luckcuck,Developer II,2/4/2008
203307,Debera Vise,Accounting Assistant II,9/17/2004
102499,Jolyn Tassell,Accountant II,4/3/2000
229712,Alysa Ivantyev,Electrical Engineer,7/26/2020
772984,Brittney Kayne,Recruiter,9/16/2009
959887,Ross Edscer,Marketing Manager,1/22/2017
907123,Clareta Meynell,Business Systems Development Analyst,7/28/2012
235788,Ursa Uwins,Sales Associate,9/28/2016
829670,Arnuad Hugett,Information Systems Manager,5/1/2013
71412,Barri Claisse,Editor,5/27/2016
816435,Felice Jordin,Senior Editor,8/10/2002
920070,Aubine Inman,Assistant Professor,10/7/2000
977382,Jaquelyn MacGorley,Operator,2/23/2009
975210,Mata Varrow,VP Marketing,7/8/2014
388416,Eartha Meth,Legal Assistant,7/18/2000
939289,Ollie Jesper,Paralegal,1/2/2018
709770,Sol McSkeagan,Associate Professor,2/3/2022
753720,Eveline Hattiff,Junior Executive,4/11/2022
484821,Riccardo MacBain,Director of Sales,9/13/2011
595072,Rinaldo Durward,Assistant Professor,7/12/2019
370840,Lorianna Relph,Budget/Accounting Analyst IV,5/25/2020
474028,Aylmer Ickeringill,Paralegal,8/1/2000
456880,Merrel Critchard,Nurse,10/23/2005
635113,Toddy Yuryshev,Software Test Engineer IV,8/23/2011
424534,Alonso Cubbino,Editor,5/4/2010
720626,Moses Itzhak,Librarian,5/22/2019
277931,Minta Bert,Chemical Engineer,3/25/2006
246082,Donnajean Cunnington,Civil Engineer,1/5/2007
697916,Darcy Buttle,VP Quality Control,6/1/2013
739117,Cyb Beggin,Automation Specialist I,9/29/2009
290333,Jasmin Lago,Marketing Manager,1/23/2014
946,Casi Zisneros,Environmental Tech,5/7/2015
159328,Merry Allix,Research Assistant II,6/18/2017
381689,Marianna Edgerley,VP Product Management,10/27/2011
452664,Minni Noddle,Software Engineer IV,4/20/2019
985347,Hillel Peert,Legal Assistant,2/5/2003
616837,Charlotta Noraway,Sales Associate,5/31/2007
938428,Orrin Chesnut,Senior Developer,12/30/2015
482357,Estelle Cuseck,Professor,5/27/2016
71180,Shina Mustard,Senior Cost Accountant,12/13/2017
284274,Agna Pocock,Occupational Therapist,9/25/2002
81305,Rowan Lomas,Recruiting Manager,10/23/2011
861529,Jill Chiverstone,Computer Systems Analyst II,12/26/2005
442317,Eustace Viall,Electrical Engineer,5/16/2001
861952,Morgan Monkeman,Accounting Assistant II,1/5/2001
154162,Sibilla Freeland,Research Associate,6/25/2012
437766,Serge Richarson,Account Executive,12/25/2013
816046,Don Goldis,Pharmacist,5/29/2005
672029,Glen Kahan,VP Quality Control,3/11/2009
843934,Fayina Cosgrave,Structural Analysis Engineer,7/5/2009
196065,Haskell Boise,Business Systems Development Analyst,1/13/2019
297689,Blane Stockwell,Physical Therapy Assistant,9/1/2016
963088,Creighton Mathivon,Technical Writer,1/16/2018
613584,Ingeberg McCane,Software Test Engineer IV,11/12/2006
578744,Cleavland Solano,Pharmacist,12/4/2022
314700,Vonni McConachie,Actuary,1/20/2019
565024,Justina Long,Accounting Assistant III,11/23/2010
893177,Natividad Leader,Administrative Assistant II,10/28/2005
474111,Gavan Drinkall,Occupational Therapist,9/24/2014
257231,Ammamaria O'Keefe,Accountant I,2/22/2006
151982,Maurits Lurner,Research Assistant III,7/9/2016
347052,Colby Juliano,Structural Engineer,7/30/2010
727427,Zuzana Mc Ilwrick,Environmental Tech,2/14/2007
140985,Sharon Islep,Software Test Engineer II,2/8/2020
106190,Jeramey Feron,Software Engineer IV,12/3/2021
143005,Jonathan Milleton,Quality Control Specialist,3/25/2013
30399,Jackquelin Reinhart,Nuclear Power Engineer,6/2/2006
988759,Fleurette Haycox,Financial Advisor,12/15/2007
736488,Nixie Millett,Environmental Tech,11/11/2022
707288,Kerwin Dwane,Tax Accountant,3/22/2004
154989,Valentino Rosengart,Programmer III,9/22/2004
70236,Edyth Staveley,Research Associate,2/25/2021
635004,Pooh Pennell,Staff Scientist,7/18/2006
715335,Carrie Abbotts,Senior Sales Associate,6/6/2017
927370,Juli Haggith,Software Engineer III,6/23/2009
578900,Aluin Imorts,VP Quality Control,4/20/2000
871616,Robbyn Egdal,Teacher,10/15/2000
649634,Mortimer Ruskin,Geologist I,1/30/2019
239743,Tomlin Fourmy,Recruiting Manager,11/30/2016
327001,Vivie Jollands,Staff Scientist,12/27/1999
498247,Earvin Forst,Professor,9/9/2020
915866,Lorrie Kernock,Professor,2/28/2015
430740,Amby Wardingly,Civil Engineer,12/5/2020
376897,Blane Hogben,Research Assistant I,2/13/2021
780922,Tiffie Aspinal,Database Administrator III,10/9/2010
537065,Chariot Tunnick,Sales Associate,7/25/2004
232805,Papagena Runciman,Speech Pathologist,7/11/2012
862283,Mellie Sonley,Teacher,4/4/2003
581590,Amity Leamy,Pharmacist,10/4/2006
388274,Valina Colhoun,Occupational Therapist,7/3/2008
960852,Ansell Sexten,Electrical Engineer,8/25/2001
894381,Dianna Basson,Sales Associate,7/23/2003
586521,Dexter Piperley,Software Engineer II,9/4/2007
707651,Torrie Wilfing,Paralegal,6/6/2003
586888,Marcelo Sancho,Desktop Support Technician,4/30/2015
225390,Karon Briars,Geologist III,10/5/2005
472480,Gil Allardyce,Recruiting Manager,11/1/2007
542876,Penni Stanbrooke,Analyst Programmer,10/22/2018
270511,Winni Sindall,Accountant III,8/15/2021
845553,Eduardo Samuels,Safety Technician IV,6/29/2014
701910,Farris Smuth,Desktop Support Technician,3/24/2016
134642,Catina Jarrell,Human Resources Assistant III,5/14/2012
48576,Catherin Drysdale,Automation Specialist II,12/20/2022
819057,Hugues Cuming,Accountant III,12/9/2020
685395,Etienne Lembcke,Community Outreach Specialist,12/29/2007
510548,Mic Pountain,Product Engineer,6/1/2011
69191,Maybelle Gerrish,Graphic Designer,1/19/2009
114988,Kathryne Climer,Financial Advisor,6/13/2000
95254,Arron Aldus,Librarian,6/13/2000
878972,Cindra Ege,Database Administrator II,11/18/1999
358681,Wenda Arne,Account Executive,3/20/2021
264441,Robinet Bennedick,VP Accounting,8/9/2001
963370,Lilyan Eveleigh,Environmental Tech,12/24/2014
735723,Nappie Dresche,VP Quality Control,8/9/2010
68393,Brodie Jury,Research Assistant IV,11/25/2012
70853,Harriette Clewett,Sales Representative,9/24/2021
224998,Elyse Ourtic,VP Marketing,12/11/2011
153926,Prisca Fidelli,Community Outreach Specialist,9/26/2000
694898,Atalanta Reams,VP Product Management,2/25/2008
842214,Gael Bootyman,Web Developer II,3/18/2014
137347,Austina Breache,Clinical Specialist,2/21/2003
590207,Lorens Colleford,Software Consultant,5/7/2004
242242,Bernadette Brand-Hardy,Environmental Tech,12/22/2019
493680,Gerrard Worstall,VP Product Management,10/29/2022
91099,Steffen McAulay,Payment Adjustment Coordinator,1/15/2022
441259,Domenic Brayshaw,Speech Pathologist,9/14/2007
715382,Gayle Rillatt,Operator,7/16/2017
676050,Kata Wrench,Legal Assistant,2/16/2000
15069,Jocelin Laxe,Junior Executive,8/27/2003
864757,Lynett Ferie,Web Designer IV,1/8/2012
366351,Raquel Bickmore,Electrical Engineer,3/29/2008
512699,Marisa McComb,Electrical Engineer,2/6/2003
636782,Glynnis Camp,Electrical Engineer,3/6/2001
59810,Terrijo Ash,Staff Accountant I,11/1/2019
349450,Nelia Gillett,Human Resources Manager,12/21/2017
588724,Rochette Downton,Actuary,3/20/2011
502407,Dorey Davitti,Nurse,3/31/2003
612729,Mead Boxen,Help Desk Operator,11/13/1999
14508,Jerrold Branscombe,Financial Advisor,2/9/2022
353228,Dottie Blundan,Teacher,3/3/2002
547009,Odella Gilleon,Marketing Assistant,10/9/2008
656875,Dasi Pavia,Technical Writer,4/19/2007
779496,Krista Skrines,Budget/Accounting Analyst III,1/20/2007
217213,Seline Yates,Analog Circuit Design manager,8/29/2000
347388,Cody Crisford,Senior Editor,8/1/2008
73220,Corina Neat,Account Coordinator,4/18/2012
733031,Breena Bagnold,Software Consultant,8/28/2006
515245,Ardelis Gilsthorpe,Senior Editor,10/23/2022
884734,Shaylah Bradneck,Web Designer IV,1/28/2020
382732,Lyndy Killich,Accountant II,5/3/2017
875348,Marquita Deverell,Financial Analyst,7/2/2010
377768,Jobyna Ancliff,Electrical Engineer,3/9/2003
635706,Donna Hirtz,Internal Auditor,4/16/2003
987068,Andrey Kohlert,Developer III,2/5/2007
376592,Chester Lassells,Actuary,8/23/2000
507673,Penn Shenfish,VP Sales,8/31/2018
319858,Lisa Farady,Safety Technician III,4/19/2013
103984,Kendrick Strettle,Financial Advisor,5/17/2004
117431,Fidela Fowell,Nuclear Power Engineer,11/9/2018
957277,Laura Yitzovitz,Community Outreach Specialist,10/7/2006
67685,Inness MacGaughey,Social Worker,10/15/2007
872326,Chester Huyge,VP Quality Control,5/11/2018
166040,Sibbie Jecks,Data Coordinator,6/8/2019
390360,Borden Merkle,Health Coach IV,6/22/2008
146623,Auberon Dowling,Mechanical Systems Engineer,10/24/2003
283194,Barnabe Romney,Dental Hygienist,8/10/2008
575678,Aurea Macguire,Geological Engineer,3/15/2022
264393,Renae Bachman,Physical Therapy Assistant,5/1/2014
101830,Dougie Skaife,Financial Analyst,7/31/2000
140377,Lindi Kruschov,Software Consultant,2/22/2005
283999,Merrill Haw,Sales Associate,7/15/2002
659898,Carlin Marti,Operator,5/17/2011
634309,Arda Trelease,VP Quality Control,1/5/2010
188747,Sandy Morriarty,Teacher,8/21/2017
616517,Addie Woodard,Chief Design Engineer,6/17/2018
17832,Rhoda Forte,Senior Sales Associate,10/17/2010
988747,Gerry Paulazzi,Senior Quality Engineer,11/10/2001
212131,Roana Martonfi,General Manager,4/9/2018
775950,Kristel Laminman,Senior Editor,7/19/2006
101942,Timotheus Troni,Cost Accountant,10/23/2022
336438,Melisent Kinker,Statistician IV,10/13/2020
225500,Iosep Bussy,Media Manager II,9/26/2009
231359,Mureil Woodvine,Software Consultant,4/3/2011
748462,Larry Elener,Junior Executive,10/17/2000
192271,Juditha Khomishin,Senior Financial Analyst,11/3/2016
396854,Murvyn Doumerc,Biostatistician III,4/29/2006
998440,Thomasine Beat,Help Desk Operator,3/6/2013
435446,Tirrell Dorant,Web Designer I,4/8/2019
573100,Connor Bore,Sales Representative,11/18/1999
702753,Finlay Mar,Account Executive,11/18/2022
317981,Zitella Flawith,Quality Control Specialist,11/17/2022
609663,Emelia Winder,VP Sales,10/25/2011
6625,Noel Prichet,Mechanical Systems Engineer,12/5/2004
545839,Hartwell Cobbin,Programmer IV,3/10/2012
253724,Catlin Pyke,Information Systems Manager,7/13/2011
987579,Si Curror,Payment Adjustment Coordinator,5/15/2016
928832,West McAlpine,Geologist I,1/19/2012
752300,Nelle Rowen,Help Desk Operator,5/31/2003
380162,Hendrik Musker,Senior Editor,3/3/2022
87964,Emmery Dionisetti,Recruiter,2/5/2018
384298,Danita Loker,Software Engineer II,8/12/2012
768583,Herrick Culbard,Help Desk Technician,2/12/2020
503353,Noach Ricard,Chief Design Engineer,6/3/2019
567144,Bidget Szach,Internal Auditor,7/16/2011
338911,Rebeca Tolemache,Professor,9/24/2017
615787,Sonia Elderbrant,Recruiting Manager,6/13/2004
249679,Garrott Bestall,Chemical Engineer,3/5/2018
507198,Gilemette Celle,Director of Sales,6/13/2022
379213,Charlotta Hardwidge,Chemical Engineer,2/18/2008
222160,Min Oakwell,Nurse,11/25/2010
373135,Cassi Siddens,Structural Analysis Engineer,2/3/2003
243394,Romain Di Claudio,Graphic Designer,11/15/2004
708879,Muhammad Carlow,Financial Analyst,12/15/2014
106992,Pernell Morriss,Research Nurse,10/15/2003
304528,Marline Leslie,Mechanical Systems Engineer,11/17/1999
785300,Erinna Cotes,Office Assistant III,8/4/2008
253936,Lexi Goseling,Engineer IV,9/4/2013
