EmployeeID,EmployeeName,Position,HireDate_
419,Shana Grindell,Nurse,10/7/2019
525,Gwendolyn Bason,Computer Systems Analyst II,4/20/2025
1139,Leeland Reuben,VP Product Management,6/6/2016
1073,Kerrin MacPeake,Speech Pathologist,11/12/2004
7155,Edmon Slyde,Marketing Assistant,5/27/2007
9633,Mindy Gammons,VP Sales,6/6/2019
9981,Wallie Clendennen,Physical Therapy Assistant,10/30/2007
7996,Corey Gley,Biostatistician III,12/17/2003
5764,Odetta Rossi,Teacher,7/29/2006
5923,Rochell Perrone,Assistant Manager,3/23/2017
7772,Dolores Sture,Food Chemist,10/27/2015
1972,Danette Nisard,Registered Nurse,11/14/2010
4216,Gabriellia Leisman,Web Designer II,7/30/2018
7529,Pancho Banat,Cost Accountant,6/30/2019
4385,Henrietta Dargie,Assistant Media Planner,8/12/2023
4402,Miner Livingston,Librarian,8/14/2025
115,Odetta Somers,Web Designer III,7/6/2021
2942,Ruperta Winborn,Help Desk Operator,2/21/2012
7910,Vincent Wabey,Sales Associate,2/8/2009
7543,Franciskus Palfrie,Nurse Practicioner,7/14/2013
2554,Giffard Veronique,Help Desk Operator,8/13/2009
6951,Corly Hassey,VP Product Management,4/14/2006
6033,Callida Natwick,VP Quality Control,12/18/2011
1209,Veda De Domenici,Assistant Manager,5/15/2025
841,Rosella Borrows,Pharmacist,11/8/2012
2427,Kenn Emblow,Director of Sales,2/14/2005
3784,Eustace Philippault,Cost Accountant,7/9/2022
4850,Simmonds Skace,Biostatistician I,6/9/2025
2716,Lief Arnao,Budget/Accounting Analyst II,12/22/2020
4623,Shelton Peploe,Software Engineer II,5/8/2021
7250,Tera Labbett,Geological Engineer,2/24/2012
7958,Emma Farrin,Physical Therapy Assistant,3/12/2024
3985,Christean Strete,Physical Therapy Assistant,12/1/2017
331,Gan Ector,Recruiting Manager,4/11/2014
4050,Alfy Blenkinship,Data Coordinator,4/25/2011
5516,Trudi Haseldine,VP Sales,4/19/2009
4230,Garald Olphert,Executive Secretary,7/10/2019
9206,Rosella Brobak,Environmental Tech,8/28/2008
7800,Algernon Carding,Graphic Designer,3/28/2012
9659,Sibbie Eastby,Recruiting Manager,11/15/2008
9552,Lotty Kirdsch,Speech Pathologist,4/18/2024
1005,Sarette Springthorpe,Administrative Officer,11/7/2016
9841,Emmett Vondrys,Payment Adjustment Coordinator,7/1/2018
1885,Deane Bridgstock,VP Sales,2/3/2017
2813,Norry Dumphy,Statistician IV,5/11/2012
3750,Fran Summerson,Senior Quality Engineer,1/13/2024
9627,Margalit Wisby,Sales Associate,9/27/2018
5783,Omero Jozwik,Executive Secretary,4/21/2020
5132,Christie Ladbury,Automation Specialist III,10/13/2017
5400,Melisent Jayume,Chief Design Engineer,3/23/2022
7223,Zack Burthom,Technical Writer,3/14/2005
1987,Germaine McAllen,Research Assistant I,7/5/2001
2785,Dianna Vowdon,Database Administrator I,5/7/2017
7074,Chelsie Rhys,Media Manager I,9/23/2009
9438,Ketty Harrold,Senior Cost Accountant,12/20/2015
8317,Caralie Agdahl,Design Engineer,4/29/2016
1470,Domenico Schwieso,Product Engineer,9/28/2004
317,Kate Flexman,Pharmacist,6/1/2008
1148,Lorenza Dove,Database Administrator I,4/4/2011
7686,Evvie Philo,Structural Analysis Engineer,3/6/2014
376,Ruthy Szantho,Cost Accountant,10/1/2007
1550,Malena Bertrand,Assistant Professor,1/22/2011
6755,Laetitia Shenfisch,VP Marketing,2/19/2018
6537,Pamela Dodding,Operator,12/16/2007
2259,Jess Blanshard,Help Desk Technician,2/2/2007
4048,Daniela Clampton,Recruiter,1/6/2007
3300,Virge Hollingshead,Senior Quality Engineer,11/19/2008
8477,Janenna Vaulkhard,Payment Adjustment Coordinator,11/23/2022
1803,Ilene Farnish,Help Desk Operator,5/30/2015
6552,Querida Tixall,General Manager,2/9/2022
9321,Gordy Arnott,Business Systems Development Analyst,10/7/2000
301,Kimberlee Dumbellow,Graphic Designer,2/4/2007
4461,Harriette Mumby,Paralegal,4/6/2006
7621,Kevan Deviney,Safety Technician II,11/17/2019
3025,Robinet Henrichs,Analyst Programmer,12/14/2010
8505,Yvonne Ord,Clinical Specialist,12/15/2019
3696,Hagan Nossent,Nurse,3/8/2023
4715,Cristin Charpling,Speech Pathologist,5/22/2000
3624,Gaylene Glynn,General Manager,12/3/2019
3749,Reynold Lympany,Sales Representative,2/1/2007
712,Chicky Glendenning,Electrical Engineer,11/16/2009
9848,Pamelina Worwood,General Manager,4/19/2015
6929,Willi Chattaway,Senior Developer,8/30/2002
2500,Robinette Marusik,Assistant Media Planner,5/26/2018
3000,Taddeo Maxwell,Recruiting Manager,6/12/2025
3948,Chickie Van Arsdall,Financial Analyst,11/25/2022
1593,Katy Blei,Project Manager,8/16/2022
535,Flo Waywell,Safety Technician III,8/16/2013
2008,Tomlin Freeland,Help Desk Operator,2/7/2015
9897,Selig Barde,Nurse,6/10/2020
9394,Nikki Boumphrey,Clinical Specialist,8/31/2020
9183,Amelina Bance,Web Designer II,4/11/2019
4955,Kirby Waples,Help Desk Operator,10/25/2003
3194,Irwin Vamplus,Developer I,1/3/2014
6082,Darell Fidock,Project Manager,4/30/2013
6574,Rebeca Baylis,Nurse,1/22/2017
1922,Sibbie Smetoun,Account Representative I,12/19/2015
379,Gottfried Pesticcio,Chief Design Engineer,5/20/2006
7284,Artur Douberday,Nurse Practicioner,11/13/2011
7649,Kaitlin Hethron,Sales Associate,3/10/2023
1699,Sharla Tschierse,Web Developer II,5/5/2024
7645,Christiane McGowran,Staff Scientist,6/19/2018
7979,Rockey Chasemoore,Nurse,6/16/2013
6699,Tanhya Wyrill,VP Sales,11/26/2025
9874,Elianore McOwan,Accountant III,7/13/2018
4561,Boyce Fierman,Assistant Manager,11/24/2023
4982,Eda Sanday,Account Coordinator,5/10/2001
813,Moll Throughton,Help Desk Technician,3/14/2007
1341,Ransom Baine,Software Consultant,11/14/2011
8292,Rosemarie Tunesi,VP Marketing,6/20/2012
9480,Candi Dunkinson,Geological Engineer,8/26/2023
5184,Kipp Paike,Automation Specialist III,2/23/2009
7772,Charity Tuffs,Programmer IV,6/27/2021
8631,Bax Verling,Account Executive,6/16/2024
2404,Lynnette MacFarlan,Legal Assistant,5/9/2003
7663,Joelle Peniello,Junior Executive,11/23/2018
2030,Raina Tomadoni,Automation Specialist III,11/23/2021
7264,Arnaldo Walley,Internal Auditor,11/13/2010
7243,Lodovico Wolfers,Teacher,5/3/2025
1060,Lucia Cattermull,Operator,2/21/2006
9748,Clem Derham,Staff Accountant IV,5/5/2009
5354,Nickola Scotter,Assistant Manager,6/22/2014
8346,Zorine Hovee,VP Accounting,3/12/2009
6085,Risa Shrimptone,Dental Hygienist,11/5/2010
697,Joyan Muckloe,Automation Specialist IV,8/4/2015
1916,Wallace Propper,Environmental Tech,2/19/2020
4365,Marietta Poyzer,Senior Cost Accountant,8/30/2008
4838,Rodi Ramalho,Information Systems Manager,2/28/2013
2710,Lori Storrock,Budget/Accounting Analyst III,5/31/2023
7007,Gannon Le Fevre,Desktop Support Technician,2/21/2004
7078,Morten Stronach,Administrative Officer,1/9/2025
2295,Mabelle Skamal,Safety Technician I,1/14/2002
4733,Devi Stelle,Nurse Practicioner,1/12/2010
515,Siffre Chong,Operator,8/29/2025
9377,Weber Goodright,Research Assistant III,4/15/2017
6274,Laural Stranahan,Chemical Engineer,10/11/2024
459,Carr Tillett,Administrative Assistant IV,9/3/2001
7288,Ashil Walch,Quality Control Specialist,8/14/2000
1467,Shaine Peeter,Technical Writer,12/24/2007
4000,Lemar Anstead,Accounting Assistant I,5/18/2004
4717,Hallie Haysman,VP Accounting,7/14/2011
7762,Peg Brandassi,Web Developer I,3/13/2004
4858,Hasheem Apted,Computer Systems Analyst II,10/12/2001
469,Nell Tomaszewicz,Cost Accountant,2/25/2016
5739,Frederique Blenkinsop,Accounting Assistant I,12/14/2018
8817,Chevy Wilprecht,Geologist I,8/16/2019
9885,Gregory Henrionot,Assistant Professor,6/18/2006
7733,Pen Dickings,Developer I,1/15/2009
8116,Brier Hayth,Human Resources Manager,2/28/2021
6169,Othelia Heams,Computer Systems Analyst II,8/25/2014
8380,Lesya Wallwood,Financial Advisor,9/29/2016
166,Vevay Davern,Quality Control Specialist,7/7/2007
2250,Dorelle Haxley,Analyst Programmer,8/9/2008
4311,Mildrid Scherme,Developer I,7/20/2017
3901,Niels Bezant,Software Consultant,4/19/2022
767,Imojean Zanelli,Nurse Practicioner,4/15/2005
8563,Nevsa Dominey,Data Coordinator,5/22/2004
9794,Reine Rosa,Software Test Engineer I,4/15/2021
8170,Pat Parcells,Recruiting Manager,1/1/2004
3138,Denny Bowlesworth,Account Executive,1/6/2016
1428,Heath Eagell,Librarian,10/22/2015
3643,Basia Maureen,Executive Secretary,2/3/2021
291,Alleyn Stanlack,Software Consultant,8/29/2022
1094,Marabel Halmkin,Accountant I,1/16/2019
8595,Feliks Gozzard,Compensation Analyst,3/2/2025
5527,Pansie Hinkens,Administrative Assistant I,4/25/2006
9354,Elysia Brunstan,Analyst Programmer,11/5/2009
497,Magdaia Kuhndel,Computer Systems Analyst I,2/16/2005
2897,Morley Toone,Product Engineer,6/30/2021
917,Karlyn O' Timony,Associate Professor,4/2/2024
6127,Lela Benoist,Teacher,4/16/2009
1798,Skelly Hedgeman,Account Representative II,2/21/2023
7895,Mandel Agdahl,Information Systems Manager,5/20/2019
6439,Corette Saw,Product Engineer,10/16/2012
5013,Dody Mc Gorley,Health Coach III,1/12/2019
7616,Bertrando Thrustle,Financial Advisor,5/19/2014
9266,Leshia Blackham,Payment Adjustment Coordinator,11/21/2021
1797,Zeb Deeble,Media Manager I,4/26/2003
6277,Darlleen Flieger,Editor,9/4/2002
390,Yulma Selburn,Social Worker,8/15/2022
634,Denise Armin,Account Coordinator,6/3/2012
4734,Ag Piche,Environmental Specialist,7/1/2009
4917,Waiter Dundridge,Assistant Professor,5/16/2016
4488,Lemuel Edeson,Product Engineer,1/17/2017
4945,Stafford Roelofs,Human Resources Manager,4/4/2021
2534,Fred Fontell,Editor,7/26/2014
9476,Cherie Checci,Research Assistant III,9/24/2022
653,Winn Alton,Accountant II,4/21/2021
7821,Kerwin Dmitrovic,Software Test Engineer I,2/25/2018
4742,Elia Bruggeman,Human Resources Assistant III,8/19/2010
614,Fax Kerin,Professor,5/2/2003
7754,Shaw Bristo,Assistant Professor,9/18/2021
8748,Corry Schieferstein,VP Marketing,1/11/2015
872,Elane Belsher,VP Sales,1/16/2006
6596,Ruthi Paliser,Account Representative III,5/13/2022
1141,Karol Witts,Recruiting Manager,2/21/2025
9220,Nalani McNae,Web Designer IV,3/11/2009
697,Hana Bourdel,Pharmacist,3/23/2013
85,Kendricks Alliott,Staff Scientist,11/26/2019
3124,Nanni Trighton,Legal Assistant,7/6/2023
6294,Benedicto Blabber,Research Associate,8/16/2014
8573,Jill Shorbrook,Research Nurse,5/17/2013
8085,Almira Gisborne,Marketing Assistant,10/13/2001
8765,Arnoldo Ruller,Analog Circuit Design manager,9/4/2019
3251,Kearney Conigsby,Geologist IV,7/15/2009
2341,Calvin Hay,VP Product Management,5/12/2011
646,Nell Winscum,Actuary,2/11/2021
267,Gerladina Brando,Web Developer III,1/15/2001
3871,Giffer Waliszek,Analog Circuit Design manager,4/8/2002
1288,Jordan MacRinn,Nurse,12/14/2013
7969,Sarita Dowdam,Project Manager,12/12/2013
4285,Oliy Stamp,Business Systems Development Analyst,9/17/2016
839,Vida Cutajar,Technical Writer,4/2/2025
5557,Elijah Demangeot,Assistant Professor,10/14/2001
182,Ralf Connah,Human Resources Manager,2/19/2008
2249,Lavinie Ledgister,Desktop Support Technician,8/9/2023
2008,Aldridge Kinforth,Professor,6/18/2023
2744,Tina Wisher,Clinical Specialist,1/1/2012
1320,Tish Aylott,Programmer Analyst IV,1/26/2000
777,Zarla Gammett,Geological Engineer,1/27/2000
5425,Flori Sebright,Assistant Media Planner,7/18/2013
8091,Dale Enrdigo,Information Systems Manager,1/23/2020
1192,Ab Eddington,Structural Analysis Engineer,12/19/2004
7096,Tony Riddiough,Administrative Assistant I,11/6/2019
222,Miquela Georgins,Computer Systems Analyst III,5/5/2002
7135,Pebrook Lum,Paralegal,8/29/2002
9115,Francesca Gorelli,Design Engineer,3/15/2014
1400,Barthel Moulder,Sales Representative,11/18/2015
8785,Giulietta Mishow,Electrical Engineer,4/22/2019
4449,Baron Laxton,Quality Engineer,1/1/2007
6034,Talbot Mossop,Systems Administrator II,8/1/2013
4292,Waldemar Turnbull,Financial Analyst,7/24/2007
9722,Justinn Pegg,Paralegal,12/10/2010
8892,Lexy Probart,Statistician I,10/24/2018
6791,Alex Livingstone,Help Desk Technician,1/16/2009
8041,Madelin Lovelock,Environmental Specialist,9/3/2019
3081,Timmie Jiles,Paralegal,4/22/2003
5876,Ferne Gegg,Dental Hygienist,10/1/2003
5648,Bethena Fury,Programmer Analyst II,9/17/2004
4937,Susanne Crotch,Information Systems Manager,11/17/2017
8732,Anson McHardy,Web Designer I,10/5/2017
5418,Noak Antram,Associate Professor,7/12/2018
9591,Kalie Chatten,Accounting Assistant II,5/22/2002
9872,Cordell Loraine,Systems Administrator I,9/25/2012
9334,Debor Lettley,Product Engineer,1/2/2017
290,Kakalina Batistelli,Environmental Specialist,4/10/2009
4751,Erskine Skoof,Recruiter,4/18/2014
2444,Arlin Vassel,Civil Engineer,7/31/2013
3618,Jaime Begwell,Legal Assistant,10/25/2005
4951,Kimmy Annets,Senior Sales Associate,1/12/2018
6012,Leanora Hyder,Engineer III,4/20/2013
4600,Donnie Zamboniari,Web Developer I,8/9/2017
286,Lee Copping,Financial Analyst,2/2/2019
7109,Tann Beacock,Research Assistant I,6/16/2005
1869,Faina Iacomelli,Technical Writer,12/6/2014
3958,Malina Garling,Human Resources Assistant III,10/26/2012
5770,Andromache Janacek,Computer Systems Analyst II,2/13/2008
4227,Tiffy Gard,Editor,10/12/2012
4043,Kiley Sheffield,Civil Engineer,5/10/2006
6118,Spencer Sandys,VP Quality Control,4/11/2013
4594,Zack Tolotti,Quality Engineer,3/7/2016
2078,Lorianna Wittey,Data Coordinator,5/12/2016
8116,Constantin Kubec,Research Nurse,1/28/2001
1506,Paulo Tuddall,Social Worker,7/30/2001
6814,Hayyim Boutellier,Technical Writer,5/5/2021
8924,Willi Hefford,Accountant II,11/11/2003
9413,Wanda Gabbidon,Legal Assistant,10/29/2025
1681,Rick Farrey,Programmer IV,6/1/2022
9078,Rock Burchmore,Dental Hygienist,5/21/2003
1701,Teddi Penhalurick,Budget/Accounting Analyst III,9/4/2000
9965,Bradan Dooley,Assistant Professor,10/28/2024
8735,Eric Boichat,VP Quality Control,4/14/2019
78,Jessa Packwood,Geologist III,10/16/2025
8650,Rozanna Tadlow,VP Quality Control,1/23/2012
2070,Hendrik Windibank,Assistant Professor,1/22/2020
1504,Jarrid Lamberto,Systems Administrator III,11/8/2000
5804,Starla Whanstall,Account Representative I,12/2/2006
5111,Sibilla Mellodey,Account Executive,3/9/2001
2047,Esra Pulley,Director of Sales,7/13/2019
3005,Tymothy Hardingham,Health Coach III,4/21/2007
481,Carce Mandal,Developer I,10/12/2009
3309,Larry Arber,Recruiting Manager,5/6/2008
8096,Krystle Fabbro,Compensation Analyst,6/4/2008
8498,Brinn Fillingham,Structural Engineer,12/25/2023
9029,Adelind Quinby,Environmental Specialist,2/2/2008
2099,Wyn Brockelsby,Electrical Engineer,6/13/2004
7421,Katrina Dethloff,Senior Developer,5/31/2004
6913,Cornela Lurner,Marketing Manager,12/17/2024
9452,Rebe Eam,Financial Advisor,3/27/2013
4997,Allsun Skylett,Librarian,3/17/2017
9236,Cecile Kristof,Web Designer I,2/14/2011
8578,Gunilla Vivian,Dental Hygienist,9/30/2005
8920,Caryl Canon,Quality Engineer,3/28/2018
3406,Bride de Clerk,Software Consultant,8/15/2011
8564,Lenora Spilsted,VP Sales,6/10/2007
5384,Chester Pullar,Registered Nurse,3/5/2021
1960,Brigit Malter,Speech Pathologist,9/16/2004
9617,Manny Markovich,Cost Accountant,10/3/2006
1213,Sergeant Joiner,Senior Cost Accountant,6/20/2008
2583,Christan Waterhowse,Payment Adjustment Coordinator,10/14/2000
5140,Flora Batteson,Biostatistician II,8/8/2003
9841,Lurline Proom,VP Product Management,11/3/2016
1,Grace Skentelbury,Professor,9/13/2018
338,Cyrillus Tabord,Quality Engineer,5/18/2010
4971,Allister Dieton,Project Manager,12/12/2001
3793,Celestia Yaknov,Design Engineer,10/6/2010
1433,Wilmette Luter,Quality Engineer,12/5/2021
3808,Sauncho Bagley,Geologist I,1/9/2018
103,Cathlene Dyshart,Database Administrator II,5/10/2023
8062,Ellary Nana,Dental Hygienist,8/20/2023
2600,Petra Jerrams,Desktop Support Technician,8/12/2023
9365,Doti Sprakes,Paralegal,10/28/2008
3493,Kendal Geeve,Research Assistant II,9/18/2005
3661,Xena Bonnesen,Structural Engineer,11/16/2008
8260,Mohandis Rapa,Marketing Assistant,5/5/2015
1266,Giana Diggle,Web Designer II,10/27/2002
9150,Tamarah Sutehall,Office Assistant III,12/23/2021
7154,Katina Petrollo,VP Accounting,6/5/2003
7183,Morgun Burcher,Technical Writer,4/27/2000
7352,Sal Monteaux,Analyst Programmer,5/18/2003
1282,Marietta Besset,Geological Engineer,3/21/2022
4256,Adrea Mobley,Accounting Assistant III,10/8/2000
3420,Missy Frantsev,Database Administrator II,10/30/2021
8380,Netti Bidder,Senior Financial Analyst,8/5/2018
4969,Courtney Fooks,Librarian,8/30/2025
6070,Silvano Fairlamb,Social Worker,3/2/2010
5167,Micky Mawson,Assistant Professor,10/14/2005
106,Leshia Rogliero,VP Marketing,5/2/2013
1473,Forbes Dimitriev,Accounting Assistant IV,1/28/2019
186,Nonnah Brandassi,Senior Cost Accountant,4/18/2007
2635,Jilly Batchelar,Sales Associate,6/4/2007
1711,Winifield Wrates,Information Systems Manager,6/2/2018
9978,Quillan Raspel,Executive Secretary,6/11/2004
6014,Edgardo Matfin,Senior Cost Accountant,2/22/2018
3075,Annalise Bogges,Structural Engineer,2/3/2017
5224,Georges Arkle,Quality Control Specialist,1/30/2008
4830,Nickey Splevin,Account Executive,9/16/2002
2311,Sonnnie Gowenlock,Statistician II,2/11/2017
8849,Gina Bonniface,Health Coach IV,10/17/2010
3116,Javier Labusch,Professor,5/1/2018
3934,Rickie MacLeod,VP Quality Control,8/2/2005
4257,Sherman Bryns,Web Developer I,12/13/2011
7154,Antin Blenkinsopp,Graphic Designer,8/20/2010
5536,Eilis O' Dooley,Analyst Programmer,1/4/2011
8539,Tommi Worviell,Structural Analysis Engineer,4/15/2023
6486,Anestassia Monkleigh,Research Assistant IV,6/18/2007
8415,Laure Exall,Research Associate,4/17/2021
305,Ruthie MacFarlane,Analog Circuit Design manager,9/16/2016
7116,Silva Chippindall,Engineer IV,1/8/2012
6489,Hally Cape,Cost Accountant,8/17/2003
6278,Papageno Letixier,Food Chemist,5/3/2010
9849,Waly Pampling,Geologist II,8/19/2013
7516,Mordecai Moxsom,Structural Analysis Engineer,8/15/2018
650,Ros Flockhart,Database Administrator III,1/13/2004
8815,Montgomery Van Hesteren,VP Sales,3/19/2012
7736,Prisca Haily,Occupational Therapist,1/17/2019
2681,Twyla Scholtz,Staff Scientist,10/31/2014
1224,Ian Dunstall,Automation Specialist IV,2/8/2007
4508,Nikoletta Seys,Operator,7/15/2024
6658,Corby Earengey,Assistant Manager,4/9/2007
2863,Stanleigh Duckham,Operator,6/3/2004
4025,Karlene Gillibrand,Computer Systems Analyst III,5/8/2001
7595,Paolo Alves,Registered Nurse,3/8/2009
4530,Bert Iveson,Desktop Support Technician,11/17/2001
3575,Hewie Horsburgh,Geologist III,7/31/2022
8318,Jemima Pardie,Research Assistant IV,8/25/2015
7188,Reagen Edmeads,Budget/Accounting Analyst IV,1/29/2006
7276,Gerhardt Luter,Senior Financial Analyst,11/10/2021
9735,Ozzy Beszant,Statistician IV,6/25/2001
7310,Katharina Deverson,Tax Accountant,8/1/2004
3257,Marti Danser,Sales Representative,5/23/2012
7884,Hodge Bushnell,Budget/Accounting Analyst II,8/16/2007
6421,Vernor Skechley,Recruiter,7/12/2011
2916,Jan Keates,GIS Technical Architect,12/4/2001
4267,Ivonne Arnow,Account Coordinator,7/25/2007
4104,Brett Feldberger,Analog Circuit Design manager,4/13/2021
4426,Thaddeus Rydzynski,Business Systems Development Analyst,1/25/2004
1066,Armand Ruddiman,Pharmacist,4/27/2003
5269,Burtie Walshe,Graphic Designer,1/7/2012
8102,Marika Gilyott,Computer Systems Analyst IV,12/16/2005
327,Gnni Pomeroy,Editor,4/30/2009
7935,Dixie Garrit,Information Systems Manager,8/2/2006
340,Perl Hammer,Senior Sales Associate,2/18/2025
2388,Markos Gianasi,Software Engineer II,12/13/2013
863,Karl Lendrem,Programmer I,6/19/2004
9033,Nicolea Chattell,Systems Administrator I,6/4/2008
4753,Deane Ellice,Information Systems Manager,12/17/2000
1151,Lennard Frye,Accounting Assistant I,2/1/2023
6179,Jane Lillie,Help Desk Technician,4/26/2023
1069,Galvin Stellin,Analog Circuit Design manager,3/7/2000
4743,Dexter Maddern,Product Engineer,11/17/2024
1019,Katey Bransden,Tax Accountant,4/21/2021
5781,Sophey Wythe,Marketing Assistant,9/29/2009
483,Cathi Lilley,Budget/Accounting Analyst I,8/23/2005
3124,Eddie Dorot,VP Accounting,9/3/2014
974,Yancey Zmitrovich,VP Quality Control,5/6/2008
2058,Anne Valentetti,Dental Hygienist,7/10/2010
915,Kalle Carnachen,Recruiting Manager,9/12/2005
3678,Annmaria Gillis,VP Quality Control,3/5/2008
9469,Rabbi Olivi,Data Coordinator,9/4/2008
1853,Trumaine Basford,Developer IV,9/27/2004
932,Blanch Mayfield,Programmer Analyst II,12/11/2020
2900,Harlan Brumbye,Recruiter,8/7/2015
9346,Camila Mattielli,Nurse,9/13/2013
2524,Melvin Fossey,VP Marketing,9/20/2009
8464,Patti MacFadin,Cost Accountant,6/7/2019
5283,Starr Scurfield,Associate Professor,1/3/2001
7560,Evita Orr,Professor,7/30/2022
3953,Filberte Laing,Web Designer I,12/6/2001
9615,Roby Gallichiccio,Human Resources Manager,12/11/2017
3536,Rheta Coils,Engineer IV,1/28/2009
2129,Dun Darlaston,Programmer I,4/9/2006
5071,Anett Davion,Physical Therapy Assistant,5/1/2003
5512,Brose Titcom,Senior Cost Accountant,7/21/2002
413,Nataniel Appleford,Project Manager,11/13/2008
6267,Glad Perigeaux,Account Executive,8/24/2018
7149,Oswald Langthorn,Assistant Media Planner,2/3/2004
3271,Virgie Band,Safety Technician I,10/20/2004
1225,May Lombardo,Geological Engineer,5/3/2009
4028,Nikkie Trunchion,Geologist III,9/10/2023
5641,Magdalene Chaffen,Analog Circuit Design manager,10/3/2014
7119,Benton Jacqueminot,Structural Engineer,7/19/2024
3891,Shirley Bridgwater,Nurse,8/27/2023
1424,Georgette Collacombe,Developer II,6/11/2004
1566,Killian Taylour,VP Accounting,3/30/2013
8304,Cassaundra Duckerin,Database Administrator III,4/12/2012
290,Odille Backson,Chief Design Engineer,10/24/2020
9002,Doretta Antonutti,Administrative Assistant II,8/18/2002
4984,Murdock Leadley,Office Assistant I,5/18/2024
7919,Lambert Masdin,Senior Financial Analyst,11/25/2020
5528,Dael Killen,Speech Pathologist,12/30/2001
6865,Carine Duchesne,Associate Professor,3/16/2003
5309,Ramona Sinclar,Research Associate,1/13/2016
2960,Lynette Seamon,Environmental Specialist,10/19/2014
4044,Fayre Draxford,Help Desk Operator,7/28/2007
6732,Gabey Troyes,Software Engineer IV,9/1/2020
9898,Diarmid Birtwhistle,Senior Quality Engineer,11/10/2014
827,Kimberly Compston,Electrical Engineer,5/17/2025
2358,Ingmar De Nisco,Database Administrator IV,10/22/2014
3790,Northrop Gianetti,Social Worker,3/21/2001
7284,Darnell MacShirrie,Legal Assistant,6/27/2014
9530,Omar Walford,Human Resources Assistant I,8/14/2002
5255,Philippa Boyda,Dental Hygienist,2/16/2000
805,Duane Hathaway,Clinical Specialist,1/18/2005
4176,Selia Yve,Information Systems Manager,10/26/2007
4172,Meryl Plumbe,Design Engineer,11/27/2021
1551,Violante Lowden,Mechanical Systems Engineer,4/15/2016
7055,Hildegarde O' Clovan,Budget/Accounting Analyst III,6/2/2012
4946,Lissa Tartt,Engineer III,6/9/2004
9301,Gerhardine Laval,Senior Developer,3/7/2001
6346,Joshia Shoebotham,Senior Sales Associate,6/17/2022
1220,Grove O'Carran,Mechanical Systems Engineer,7/5/2011
1658,Ignatius Patchett,Recruiter,5/30/2019
792,Terri O'Shiels,Web Developer II,8/19/2018
715,Marsha McIlvenna,Biostatistician II,6/27/2025
6057,Millisent Faill,VP Sales,7/11/2022
3279,Saunder Millmoe,Accounting Assistant II,4/1/2017
4164,Allyn Thicking,Internal Auditor,5/31/2008
3108,Hobey Tortoise,Recruiter,1/20/2016
3185,Keefe Epple,VP Product Management,11/15/2017
6810,Ashlee Staning,Environmental Tech,7/10/2006
7599,Gwendolen Hendren,Structural Analysis Engineer,2/9/2009
8579,Juline Gore,Staff Accountant III,7/25/2005
3969,Alla Schneidau,Dental Hygienist,8/23/2006
8305,Bari Heningam,Community Outreach Specialist,3/16/2019
7770,Mozelle Fleis,Data Coordinator,1/23/2022
5792,Shalna Adamolli,Graphic Designer,6/15/2004
2864,Antin Brittle,Staff Accountant IV,8/17/2000
88,Cheston Geely,Developer II,11/6/2024
7511,Junie Duffill,General Manager,3/1/2001
3128,Brenna Purcer,Cost Accountant,6/1/2024
2987,Aurore Kinahan,Assistant Professor,5/3/2010
6458,Neddie Robbert,Programmer IV,1/27/2004
1044,Berna Burry,Director of Sales,12/14/2007
6215,Damaris Patise,Human Resources Assistant III,5/22/2003
318,Agneta Heathcote,Account Coordinator,4/8/2025
4136,Reine Haughian,Project Manager,7/14/2013
4254,Lucretia Martinelli,Statistician II,8/22/2021
9012,Gaston Bernot,Operator,10/24/2019
1927,Shaine Borzone,Account Executive,11/16/2008
140,Reta Lemm,Recruiter,4/25/2022
516,Katlin Kopta,Graphic Designer,1/4/2022
5940,Reena Curgenuer,Analyst Programmer,9/10/2012
8269,Kaye Jimeno,Nurse Practicioner,11/19/2014
1322,Jamie Woodroffe,Administrative Officer,4/19/2006
8904,Mireielle Beslier,Operator,10/19/2013
7729,Ines Bilovus,Marketing Manager,5/4/2006
9533,Tucker O' Faherty,Graphic Designer,5/25/2018
2355,Frazier Clixby,Nurse,12/14/2008
1926,Joseito Huitson,Health Coach III,6/17/2025
9177,Bryanty Quantrill,Technical Writer,1/7/2014
1888,Iolanthe Barwood,Professor,3/20/2007
3689,Chrisse Queyos,Technical Writer,4/17/2017
4925,Turner Slym,Social Worker,6/19/2001
1273,Freddie Ounsworth,VP Sales,7/17/2005
9772,Earvin Danielot,Junior Executive,6/15/2006
1023,Sherilyn Jelly,Human Resources Assistant II,9/26/2005
5499,Saw McCollum,Director of Sales,3/11/2020
7177,Erv de la Valette Parisot,Social Worker,1/17/2017
5105,Danice Croney,Clinical Specialist,12/22/2005
8060,Catherine Morrid,Research Associate,12/30/2017
8582,Grant Hennemann,Geological Engineer,3/10/2019
5002,Viviene Proschek,Recruiter,1/27/2005
5081,Nickolaus Muzzini,Financial Analyst,9/7/2020
7103,Curtis Podd,Nurse,9/10/2025
4269,Ivett Sate,Speech Pathologist,7/8/2017
4866,Annabel Heimann,Developer IV,4/26/2015
5106,Judy Bartczak,Analyst Programmer,11/11/2008
2843,Lauralee Simms,Health Coach III,1/30/2022
3848,Fanchette Lydster,Occupational Therapist,9/2/2007
9508,Marten Scotson,Payment Adjustment Coordinator,10/22/2005
5964,Ardisj McCandless,Chief Design Engineer,2/8/2022
4278,Galvan Hawkyens,Geological Engineer,11/1/2016
442,Johnnie Columbell,Product Engineer,6/8/2015
7644,Walther Hickinbottom,VP Product Management,10/13/2004
3385,Yale Stirtle,Web Developer IV,11/26/2020
1849,Chaunce Fulop,Web Designer IV,2/20/2024
9427,Kristian Cowmeadow,Community Outreach Specialist,4/16/2013
9915,Trip Tyndall,Account Executive,11/30/2008
3198,Rafaello Monnelly,Payment Adjustment Coordinator,7/12/2000
2477,Ailsun Simeoni,Senior Quality Engineer,1/12/2004
9721,Kass Dobrovolny,Web Designer III,7/29/2020
3197,Bell Iggalden,Actuary,8/2/2001
5759,Addison Zupa,Physical Therapy Assistant,1/3/2000
8060,Spense Luther,Systems Administrator I,12/20/2021
1861,Floyd Mucillo,Analyst Programmer,2/7/2004
8534,Aurelea Ballach,Engineer I,6/5/2020
9393,Filia Harnwell,Geological Engineer,3/3/2003
5735,Peg Kares,Financial Analyst,8/18/2006
4360,Ignacio Proughten,Programmer III,1/26/2010
5382,Jarred Chick,Staff Scientist,8/28/2022
9323,Gray Phidgin,Legal Assistant,10/31/2016
8558,Kameko Barkworth,VP Sales,7/17/2022
4171,Edouard Custance,Executive Secretary,11/11/2010
9768,Caesar Hartford,Help Desk Operator,8/15/2007
6790,Bruce Lundy,Chief Design Engineer,8/28/2000
6977,Elsy Kment,Physical Therapy Assistant,11/10/2017
2709,Marna Davenell,Director of Sales,9/2/2024
7757,Ambrosi Bolderson,Assistant Manager,2/3/2019
6584,Ardyth Allain,Occupational Therapist,1/16/2018
9082,Sigismondo Mariaud,Staff Scientist,10/1/2017
58,Harli Cicero,Quality Control Specialist,11/1/2021
7935,Johnette Govett,Product Engineer,10/9/2007
1234,Kaye Berrow,Librarian,8/24/2019
1917,Koren Scorthorne,Technical Writer,11/26/2010
5609,Chad Cowdroy,Recruiter,12/3/2017
1272,Freddy Coyle,Librarian,12/13/2017
2987,Evonne Farre,Associate Professor,1/10/2021
6456,Brandon Kilalea,Tax Accountant,11/7/2015
3331,Liane Rosellini,Sales Associate,1/18/2009
1251,Smitty Cleave,Business Systems Development Analyst,12/12/2009
7041,Guy Yurshev,Internal Auditor,5/30/2011
6939,Yorgo Horlick,Junior Executive,4/11/2013
9600,Olga Orrum,Chief Design Engineer,1/13/2021
1026,Arluene Risson,Design Engineer,11/10/2002
9209,Etan Casserley,Staff Accountant IV,4/26/2002
9421,Corene Standall,Help Desk Technician,10/1/2019
2592,Ariel Grundy,Associate Professor,1/3/2000
6659,Rakel Farrow,Graphic Designer,12/20/2012
5502,Darrelle Seyfart,Accountant II,3/18/2016
2226,Alene Benzi,General Manager,10/4/2014
1135,Michelina Nealy,Quality Engineer,9/2/2010
1253,Ermanno Laurand,Engineer III,10/17/2015
6952,Noel Chue,Operator,12/27/2003
8512,Cilka Hampe,Account Coordinator,10/6/2020
5663,Gabey Khomich,Pharmacist,5/22/2013
7762,Borg Sinnat,VP Marketing,2/14/2017
999,Annis Helmke,Junior Executive,10/12/2019
9739,Aveline Morffew,Research Nurse,10/21/2009
6732,Fina Lithcow,Physical Therapy Assistant,9/26/2002
9394,Renell Secretan,VP Sales,12/6/2018
8653,Debee Tasseler,Administrative Assistant I,3/29/2008
3515,Milt Cisneros,Accounting Assistant IV,11/25/2011
1686,Ulick Badrick,Graphic Designer,12/18/2017
8899,Neil Tabour,Social Worker,9/13/2023
2388,Donetta Chaffen,General Manager,9/13/2021
8730,Vincent Rowler,Legal Assistant,9/13/2025
3432,Granville Colbourn,Geologist IV,8/8/2006
9253,Mabel Baudassi,Electrical Engineer,5/6/2011
6394,Lorilee Humberstone,Budget/Accounting Analyst III,6/11/2008
7050,Rozalin Matejic,Senior Sales Associate,5/14/2002
4890,Jasmin Wohlers,Chemical Engineer,7/31/2025
1100,Germana Lavarack,Web Developer IV,1/18/2018
1698,Mirelle Charlet,Environmental Tech,9/4/2023
8205,Eddy Seefus,Operator,3/10/2005
4299,Noah Burberye,Computer Systems Analyst III,7/2/2006
6980,Joby Briereton,Technical Writer,3/6/2025
5596,Cari Bewfield,VP Accounting,3/20/2019
4599,Cherida Lymbourne,Junior Executive,9/8/2015
5534,Chaddie Grist,Safety Technician III,12/15/2004
4724,Ivy Sappell,Editor,12/7/2022
6759,Annabella Iacomini,Help Desk Technician,11/22/2021
4759,Marlon Skillington,Financial Advisor,4/24/2007
214,Juliette Leyshon,Statistician II,7/20/2022
9467,Melanie Lawry,Data Coordinator,8/24/2021
486,Willamina Glinde,Marketing Manager,3/11/2020
8104,Ashien Treadgall,Assistant Professor,11/23/2024
5175,Rosa Kunzel,Actuary,9/13/2005
3289,Alfie North,Recruiter,6/15/2013
1037,Danila Kield,Account Executive,1/4/2000
466,Sher Beynke,VP Product Management,5/15/2018
1674,Jelene Mathieu,Human Resources Manager,4/14/2021
5312,Amitie Brisset,Chief Design Engineer,10/6/2025
111,Ashlen Tebbit,Analyst Programmer,1/25/2018
6495,Corrie Cardoso,Analog Circuit Design manager,3/16/2003
4698,Harriott Mettericke,Software Engineer IV,9/29/2013
8815,Eugine Noyes,Chief Design Engineer,4/16/2014
7821,Nerissa Corzon,GIS Technical Architect,11/12/2016
7185,Amelia Freckleton,Research Associate,4/28/2008
4094,Zenia Ruprechter,Associate Professor,12/25/2022
9720,Ava Grzelczak,Staff Scientist,11/11/2021
9698,Else Ambroix,Food Chemist,6/6/2018
7821,Isidoro Hendren,Nurse,7/29/2007
8195,Beryle Praill,Computer Systems Analyst II,10/31/2014
9224,Kaile Dupoy,Social Worker,4/1/2022
4797,Rab Rablan,Compensation Analyst,9/22/2003
749,Codie Lohering,Systems Administrator I,4/26/2003
7176,Morganica Child,Database Administrator IV,3/4/2012
8227,Waldemar Ratchford,Chief Design Engineer,2/5/2000
9859,Buck Fincham,Food Chemist,5/23/2007
2992,Ashbey Bonifacio,Graphic Designer,5/11/2008
5345,Genny Whinney,Senior Cost Accountant,3/4/2006
4107,Codie Bubeer,Financial Analyst,4/4/2003
3036,Gray Oakeby,Assistant Media Planner,9/25/2002
3658,Moll Carbine,Assistant Media Planner,3/29/2017
5331,Ramona Ilyas,Engineer III,3/18/2015
3248,Ed Craghead,Senior Editor,1/25/2006
9474,Shelbi Brownlee,Recruiting Manager,11/29/2023
7951,Dominik Bradmore,Research Assistant II,1/8/2013
8481,Philomena Galier,Engineer III,1/4/2023
1867,Emerson Winspire,Programmer Analyst II,7/20/2012
4495,Stanfield Kolodziejski,Junior Executive,10/22/2022
1453,Patrizia Sheryne,Product Engineer,7/4/2013
6719,Clare Savery,Programmer Analyst I,7/22/2020
9555,Jaquith Heinzel,Biostatistician I,5/7/2022
454,Rebecka Dunkinson,Software Consultant,11/7/2012
1385,Roseanna Gircke,Occupational Therapist,5/2/2005
2347,Blithe Walsh,Technical Writer,3/18/2010
7320,Mabel Katte,Biostatistician II,3/9/2007
8731,Simona Stallybrass,Project Manager,1/11/2019
447,Neel Ubanks,Graphic Designer,11/5/2002
1375,Clayson Ondricek,Statistician I,3/24/2019
3947,Lorilee Weiss,Graphic Designer,4/13/2015
6827,Louis Hulburd,Software Engineer I,12/14/2013
1618,Corinna Gwilliams,Nurse Practicioner,6/4/2004
5488,Joella Gervaise,VP Marketing,6/14/2011
4704,Haley Dashkovich,Senior Financial Analyst,1/12/2018
2839,Aldon Cortese,Financial Advisor,2/16/2002
46,Hersh Osbaldeston,Professor,7/6/2021
4151,Broderic Yendle,Account Representative II,5/22/2017
7336,Olvan Wemyss,Executive Secretary,2/3/2023
8081,Sharai Simoneau,Analog Circuit Design manager,9/9/2021
9623,Rosalia Vasyutin,Software Engineer II,10/14/2015
5598,Cammie Juris,Staff Accountant III,6/1/2009
9955,Gran Badsey,Statistician III,9/17/2017
5463,Jerrold Corradini,Assistant Media Planner,1/9/2009
8954,Ronni Maharry,Nuclear Power Engineer,6/19/2018
2136,Linnea Krammer,Research Nurse,11/9/2002
4810,Daisie Barniss,Civil Engineer,3/25/2023
3205,Opal Verdy,Desktop Support Technician,4/11/2014
8438,Max Reddoch,Research Nurse,12/30/2002
5723,Morganne Mercy,Structural Analysis Engineer,9/16/2020
6519,Dode Turneaux,Biostatistician IV,12/5/2021
5235,Jamey O'Neill,Statistician III,7/30/2008
539,Solly Betham,Account Executive,3/19/2011
3928,Tabatha Crielly,Staff Scientist,4/26/2019
2930,Sibley Zupa,Developer II,3/23/2000
4661,Umberto Butland,Payment Adjustment Coordinator,11/16/2019
5642,Onfroi Wegner,Administrative Officer,6/10/2011
3221,Mia Solleme,Biostatistician III,3/16/2013
1789,Noni Clouston,Occupational Therapist,9/3/2003
7968,Guillermo Austick,Cost Accountant,8/27/2001
5862,Yankee Loughead,Actuary,8/23/2022
9412,Cozmo Kilmaster,Financial Advisor,9/4/2005
7915,Hunter Dolden,VP Marketing,6/7/2015
4636,Stephana Leonards,Registered Nurse,11/24/2016
2510,Cordell Benoiton,Environmental Tech,8/1/2013
2788,Harrison Keeffe,Senior Quality Engineer,12/23/2004
391,Cherilyn Skylett,Librarian,5/28/2016
5625,Con Mabley,Software Engineer III,7/7/2013
4112,Tani Swallwell,Food Chemist,6/29/2015
5036,Laney Trahmel,GIS Technical Architect,7/30/2005
3650,Rosalind McQuaid,Physical Therapy Assistant,4/7/2015
692,Wilbur Vittore,VP Product Management,2/2/2021
2097,Ileana Desseine,Senior Sales Associate,8/29/2003
3,Leola McNeilley,Sales Associate,6/5/2004
4870,Chere Coster,Senior Cost Accountant,1/15/2023
7483,Kissiah McGuire,Computer Systems Analyst IV,8/26/2012
7586,Korie Tuckie,Occupational Therapist,4/5/2000
3697,Theodora Aluard,Dental Hygienist,5/27/2013
4608,Aprilette Paunton,Physical Therapy Assistant,1/30/2017
5821,Ezechiel Burgen,Engineer I,5/1/2013
4976,Cynthia Balderston,Information Systems Manager,11/4/2009
2481,Cybill Klimkovich,Assistant Media Planner,2/5/2011
688,Romain Deplacido,Paralegal,6/29/2023
6379,Cassandre Diemer,Paralegal,6/10/2017
8142,Ada Retter,Editor,8/6/2014
2300,Caesar Water,Clinical Specialist,1/20/2004
6043,Emilio Hemstead,Marketing Manager,1/21/2009
1712,Saloma Creak,Quality Engineer,8/1/2010
4497,Ysabel Axworthy,Research Assistant IV,11/17/2024
9053,Barbee Eary,Pharmacist,8/9/2002
3478,Curt Haggus,VP Sales,10/27/2013
4940,Patric Zoren,Environmental Tech,9/17/2020
3854,Heath Slym,Electrical Engineer,10/16/2011
2447,Lianne Ridout,Media Manager II,7/30/2014
519,Marga Beyn,Social Worker,5/6/2013
4833,Zuzana Blaxill,Occupational Therapist,2/9/2019
4708,Ray Deener,Librarian,12/20/2012
9466,Tasha Beeck,Civil Engineer,3/27/2000
2452,Tommie Rollings,Product Engineer,2/1/2003
4531,Laurie Artz,Accounting Assistant III,11/13/2008
8971,Kanya Bony,Assistant Media Planner,7/3/2017
4362,Vyky Mum,Chief Design Engineer,11/24/2009
8704,Nathanial Goodwins,VP Marketing,3/20/2022
8486,Forrest Manjot,Assistant Media Planner,9/15/2001
2564,Urbain Olliffe,Automation Specialist III,12/30/2020
215,Carmelina Gask,Account Representative I,8/31/2006
6508,Nevile Miroy,Recruiter,10/8/2019
6844,Edgard Battson,Senior Developer,4/23/2011
2413,Filmer Dupree,Business Systems Development Analyst,2/2/2002
1367,Doloritas Simonson,Librarian,11/26/2024
1474,Winn Parmby,Automation Specialist IV,8/28/2014
1417,Eal Stait,Quality Engineer,11/14/2010
5208,Merrilee Lyndon,Electrical Engineer,1/31/2006
2803,Yolane Boreham,Social Worker,11/5/2009
1485,Shaw Dog,Research Nurse,9/12/2012
9338,Corrinne Gooddie,Accounting Assistant IV,6/3/2011
6923,Salvatore Cicconettii,Computer Systems Analyst I,7/15/2011
1570,Ingelbert Deshorts,Information Systems Manager,8/9/2000
5307,Truda Wolfinger,Computer Systems Analyst I,8/19/2015
142,David Driscoll,Social Worker,12/28/2000
7948,Worthington Floris,Office Assistant IV,4/20/2016
534,Marni Vlach,Structural Engineer,11/12/2006
8444,Urson Whittleton,Human Resources Manager,8/16/2017
1732,Lina D'eathe,Sales Associate,4/8/2003
9221,Yancey Shalliker,VP Quality Control,8/6/2010
4935,Carlina Schuricht,Assistant Professor,10/2/2007
6608,Thorvald Welbrock,Community Outreach Specialist,5/6/2012
1839,Zorana Veare,Geologist II,1/27/2013
2197,Carole Aujouanet,Nuclear Power Engineer,5/17/2025
3378,Agna Grigorian,Quality Control Specialist,10/4/2019
1965,Joceline McConnel,Food Chemist,9/13/2002
1355,Devonne Ewdale,Staff Scientist,3/8/2008
1702,Lorianne Freckleton,Budget/Accounting Analyst III,3/7/2001
7102,Sayer Laxe,Pharmacist,7/21/2005
8592,Jeanne Kettlewell,Environmental Tech,5/28/2025
2774,Terrijo Fibbit,Administrative Assistant II,2/26/2003
4868,Jacky Steers,Librarian,12/29/2024
6143,Pietrek L'argent,Technical Writer,6/21/2024
5563,Tedmund Brumble,Associate Professor,11/3/2021
6561,Dory Fearnall,Tax Accountant,3/4/2025
9116,Allistir Element,Recruiter,12/12/2011
2405,Layney Skett,Financial Advisor,2/7/2025
5484,Adelice Brenton,Research Assistant IV,9/20/2025
9798,Benny Vidler,Senior Developer,3/21/2010
8322,Harlen Hustler,Mechanical Systems Engineer,11/7/2002
9294,Sephira Dudeney,Human Resources Manager,5/18/2025
8639,Corney Noriega,VP Accounting,4/25/2017
8760,Aviva Corre,Actuary,2/2/2010
2115,Sharlene Odney,Compensation Analyst,12/8/2006
185,Hansiain Gregorin,Human Resources Assistant III,2/12/2025
9362,Padget O'Cridigan,Civil Engineer,5/25/2000
900,Catie Yerborn,Sales Representative,12/10/2021
5618,Nathanael Blackster,Software Engineer I,5/3/2006
5799,Morgan Shorthouse,Financial Advisor,6/2/2017
264,Tomas Hussey,Account Executive,7/18/2017
6600,Moina Thornthwaite,Marketing Assistant,2/1/2010
195,Berti Manifould,Web Designer IV,1/20/2022
8120,Meredith McCarl,Computer Systems Analyst IV,12/12/2024
9608,Ilyse Dewer,Assistant Media Planner,4/5/2024
2624,Solomon Tomich,Desktop Support Technician,10/25/2016
6268,Carolann Ancliff,Desktop Support Technician,12/1/2010
5074,Earle Grealy,Research Associate,10/23/2016
2563,Martie Cawcutt,Analyst Programmer,10/12/2002
7726,Dix Alldridge,Geologist I,1/21/2015
1733,Curt Joule,Statistician IV,9/8/2002
9279,Chrysler Bonnavant,Executive Secretary,1/30/2022
456,Sandor Bernot,Account Coordinator,1/26/2020
5558,Vilma Mantha,Quality Control Specialist,7/18/2002
6413,Randee Cruxton,Quality Engineer,2/10/2020
3916,Carter Worsham,VP Sales,8/21/2025
8124,Hunter Riall,Senior Editor,5/16/2015
6732,Ewart Klain,Analyst Programmer,6/28/2009
3238,Noach Oulner,Compensation Analyst,3/21/2024
1396,Devin Ternault,Programmer Analyst II,12/11/2001
5864,Ferne Joncic,Editor,9/9/2006
3283,Ingelbert Raleston,Administrative Officer,5/29/2003
6303,Tammara Ager,Software Consultant,2/22/2017
4940,Sander Rival,Internal Auditor,12/20/2013
5996,Dante Harbottle,Human Resources Assistant II,6/18/2013
4475,Jennette Landrean,Librarian,12/23/2021
4857,Meryl Corain,Product Engineer,3/21/2008
6506,Carlin Swansborough,Programmer Analyst III,4/29/2022
4026,Geordie Folkerts,Software Consultant,9/19/2024
5319,Chariot Caple,Quality Engineer,3/6/2025
5540,Arnuad Dumini,Analyst Programmer,6/24/2000
3239,Jordon Napoli,Health Coach III,3/18/2022
2828,Lanae Danzig,Geological Engineer,7/15/2007
7324,Tad Fairley,Statistician III,2/11/2005
3519,Friedrick Leggitt,Sales Representative,10/4/2002
4888,Torey Smallsman,Systems Administrator IV,1/19/2022
4016,Haslett Dorkin,VP Quality Control,10/5/2000
789,Dominic O'Callaghan,Assistant Media Planner,12/26/2009
7160,Lion Gerdes,Office Assistant III,8/9/2022
1806,Roger Pawson,Software Engineer II,8/14/2024
7456,Woody Ord,Product Engineer,9/25/2023
1022,Robinson Hawgood,Software Test Engineer IV,4/18/2006
744,Lazare Leopard,Editor,6/16/2004
4218,Gabi Harraway,Developer I,7/21/2012
9072,Coraline Cominoli,Accounting Assistant III,4/30/2022
2542,Niccolo Gallahar,Junior Executive,12/1/2025
2608,Brew Tanser,Nurse,9/27/2006
2579,Glennie Goodliffe,Teacher,1/3/2002
1018,Gerri Klimuk,Chemical Engineer,7/26/2002
635,Edgard Rankmore,Safety Technician IV,6/16/2003
9664,Junie Adshede,Speech Pathologist,11/25/2013
9341,Drusie Phettiplace,Payment Adjustment Coordinator,6/23/2002
8109,Sawyere Pesselt,Teacher,3/2/2001
5111,Mallory Dubois,Senior Quality Engineer,8/7/2013
1313,Cristi Wycliffe,Director of Sales,12/18/2008
5972,Ari Dik,Senior Quality Engineer,7/27/2022
4260,Myrtle Blewitt,Registered Nurse,4/9/2022
4501,Lind Youthed,Legal Assistant,2/24/2016
781,Felicle Chudleigh,Staff Accountant II,10/22/2013
4866,Nikolas Kedie,Technical Writer,12/27/2020
2698,Eugine Girauld,Nurse Practicioner,8/9/2020
1374,Viola Aspin,Marketing Assistant,2/4/2024
139,Codie Cotsford,Help Desk Technician,11/8/2024
4575,Tera Desporte,Senior Editor,5/20/2020
9045,Almira Delgardillo,Systems Administrator II,10/26/2002
254,Gregoire Causey,Quality Engineer,1/31/2023
6948,Claiborn McCarry,Sales Associate,3/8/2024
9789,Pippa Frusher,Librarian,12/14/2022
7751,Annabell Geldeford,Senior Developer,10/5/2014
1883,Taylor Stenet,Accountant II,10/22/2013
3071,Thorstein Walworche,Nurse Practicioner,2/11/2008
5533,Lek Tarver,Human Resources Assistant II,3/22/2007
1546,Annette Bootyman,Data Coordinator,7/1/2012
3529,Orville Summerlee,Research Associate,1/22/2023
6925,Amelia Biddwell,Account Representative III,10/28/2015
1516,Merrel Redgrave,Account Representative II,1/2/2020
2892,Malinde Fowley,Help Desk Operator,6/14/2017
4858,Buffy Sharp,Chief Design Engineer,9/11/2009
3975,Simonne Turnell,Electrical Engineer,1/24/2018
694,Guilbert Peatt,Operator,2/24/2013
3683,Cam Hryncewicz,Pharmacist,10/24/2022
8914,Paulie Cowser,Legal Assistant,7/11/2025
6825,Dyan Marven,Compensation Analyst,6/22/2012
7255,Asia Zoane,VP Marketing,2/18/2012
5538,Chelsae Kilius,Food Chemist,9/29/2003
2047,Robin Vaney,Speech Pathologist,6/7/2007
6612,Lowell Tonkin,Registered Nurse,12/17/2015
546,Druci Stennard,Marketing Assistant,9/21/2012
7943,Dane Docharty,Help Desk Operator,3/22/2002
2767,Dewitt Watchorn,Recruiter,7/2/2000
2136,Viva Eliasson,Programmer II,7/2/2010
3872,Nels Lytle,Nuclear Power Engineer,12/31/2022
8333,Kacie Sturley,Automation Specialist II,2/28/2008
9680,Sibylla Pottes,Quality Control Specialist,9/11/2022
3382,York Masterson,Desktop Support Technician,3/1/2019
8100,Farrell Spencley,Desktop Support Technician,6/20/2007
5369,Orelee Ebunoluwa,Administrative Assistant II,3/31/2020
9029,Raimondo Krysztofowicz,Social Worker,4/30/2025
3034,Ambrosi Thomelin,Accounting Assistant I,1/15/2024
6504,Goran Bullion,Programmer IV,1/3/2009
217,Doreen Yitzovitz,Physical Therapy Assistant,2/21/2014
6014,Hart Wipfler,Senior Sales Associate,2/20/2018
8409,Erv Cranidge,Internal Auditor,3/20/2018
6071,Cristabel Dinneges,Clinical Specialist,10/15/2020
4925,Karlie Milson,Staff Accountant IV,7/22/2022
7029,Jodie Standbrook,Product Engineer,7/29/2004
7052,Emelita Guarin,Registered Nurse,6/19/2014
4870,Marje Formie,Safety Technician IV,3/25/2025
9873,Leonanie Esland,Professor,6/14/2003
386,Gregoire Rahl,Programmer III,7/21/2003
2620,Reyna Krolle,Office Assistant II,3/14/2023
8423,Nicolle Krzyzaniak,VP Accounting,9/7/2009
6159,Gayel Darte,Electrical Engineer,9/5/2012
2759,Lucio Jouanot,Chief Design Engineer,2/15/2015
1694,Emmye Hawler,Clinical Specialist,7/1/2004
9983,Elbertina Claye,Engineer III,10/1/2024
4670,Carson Reedie,Structural Engineer,8/24/2007
5098,Oneida Philipeaux,Clinical Specialist,9/7/2003
6743,Gerald Illingworth,Compensation Analyst,11/21/2013
9711,Bekki Kybird,Operator,10/31/2024
7224,Joel Dalling,Associate Professor,5/9/2004
336,Prentiss Whate,Accounting Assistant I,8/28/2010
566,Liane Fayne,Technical Writer,9/9/2008
7601,Janelle Matusson,Occupational Therapist,7/26/2021
2097,Kevin Kemell,Systems Administrator IV,4/28/2009
6058,Agnese Audus,VP Accounting,10/26/2008
1108,Ali Hairsnape,Statistician III,2/19/2021
9023,Torey Speer,Software Engineer III,1/18/2009
5322,Isacco Oxburgh,Software Test Engineer III,9/6/2014
235,Annabell Pauli,Marketing Manager,4/1/2015
9679,Mano Camble,Database Administrator IV,8/28/2012
6659,Arte Guinery,General Manager,10/20/2003
3105,Rainer Giffaut,Research Associate,6/5/2001
2033,Dulcinea Portch,Assistant Professor,5/20/2019
2415,Mort Rountree,Research Nurse,4/4/2000
7505,Birk Pendre,Geologist I,9/5/2010
6739,Walliw Camoletto,Payment Adjustment Coordinator,3/10/2019
4200,Jeni Rawson,Director of Sales,10/10/2018
2548,Sophey Hurn,Account Coordinator,8/9/2024
1200,Bethena Shoppee,Account Coordinator,3/13/2016
3796,Louis Sammars,Editor,8/9/2003
2179,Val Kernar,Chemical Engineer,7/9/2016
6268,Grantham MacMoyer,Payment Adjustment Coordinator,5/21/2017
8410,Patrick Dwelly,Structural Analysis Engineer,6/3/2000
7692,Marwin Micheau,Community Outreach Specialist,2/26/2018
6327,Galvin Isaksen,Community Outreach Specialist,9/20/2007
1750,Lynnet Pauwel,Marketing Manager,10/7/2003
828,Sherilyn Laven,Assistant Media Planner,11/24/2024
5748,Lorens Dewire,Clinical Specialist,7/31/2023
8077,Helsa Gannicott,Speech Pathologist,7/11/2023
9963,Nadeen Strawbridge,Assistant Professor,2/11/2022
4627,Yehudit MacLeod,Speech Pathologist,10/18/2009
8790,Daffi Dranfield,Executive Secretary,12/21/2000
7919,Ernst Jowers,Analyst Programmer,9/17/2001
2052,Parrnell Martland,Developer IV,12/29/2020
3633,Reinaldos Betz,Civil Engineer,6/24/2021
7455,Bartholemy Myhan,Financial Advisor,6/17/2003
2769,Genevieve Yaknov,Occupational Therapist,8/29/2015
5237,Marje Stanman,Teacher,3/11/2002
3888,Moria Tunnow,Financial Analyst,12/26/2015
5084,Celestia Rubee,Cost Accountant,7/12/2014
7730,Sascha Ogborn,Pharmacist,3/21/2020
6890,Rodrigo Reinhart,Staff Accountant II,1/12/2001
7929,Corie Bover,Database Administrator I,12/24/2005
6875,Rolland Cramer,Compensation Analyst,1/4/2012
8770,Trenton Dedrick,Developer II,12/13/2014
8111,Kennedy Camous,Environmental Specialist,6/13/2019
7502,Tabby Lukasen,Junior Executive,3/25/2021
8234,Jo-anne Vint,Social Worker,6/28/2020
3101,Urbain McGerr,Assistant Manager,12/2/2002
9039,Dulcy Schoolcroft,Account Coordinator,3/16/2021
6138,Noah Birrane,Senior Editor,11/17/2024
8174,Rose Mayling,Geologist II,1/20/2016
810,Zack Attwood,Cost Accountant,2/13/2005
2803,Darrick Redrup,Senior Quality Engineer,9/9/2002
9018,Garvy Brewett,Clinical Specialist,6/24/2019
4788,Carroll Eaglestone,GIS Technical Architect,3/3/2016
2593,Sascha Kierans,Account Coordinator,12/30/2000
8505,Kailey Fosberry,GIS Technical Architect,11/26/2007
4190,Thorn Piecha,Research Assistant III,2/8/2006
8906,Bab Bifield,Dental Hygienist,9/11/2013
2923,Ximenes Donet,Administrative Assistant IV,8/28/2025
8013,Jermaine Hewell,Engineer II,7/21/2019
6053,Tome Graham,Internal Auditor,1/8/2004
4430,Byrom Doogan,Business Systems Development Analyst,12/15/2011
1097,Rubina Adamowitz,Research Nurse,1/19/2013
5140,Denys Bramley,Junior Executive,12/19/2019
1242,Garner Nolda,Human Resources Assistant I,12/16/2002
3869,Miltie Bims,Food Chemist,8/15/2006
1919,Berrie Sleany,Computer Systems Analyst IV,11/22/2025
1315,Nari Larrett,VP Accounting,11/21/2007
466,Phineas Cronshaw,Nuclear Power Engineer,12/31/2006
1202,Julienne Picker,Desktop Support Technician,5/6/2022
6085,Derward Fisk,Account Executive,4/30/2006
323,Donni Fernier,Graphic Designer,5/18/2002
9984,Aurelia Grierson,Developer I,12/25/2016
7786,Hyacinthie Tschirasche,Marketing Assistant,7/6/2007
5881,Lurette Volage,Sales Associate,10/4/2003
5498,Catarina Budding,Database Administrator I,5/6/2004
664,Kissie Haskur,Analyst Programmer,9/4/2018
3276,Clara Lainge,Help Desk Technician,7/29/2007
5094,Kittie Baumer,Nurse,12/24/2024
8560,Lock Weall,Analyst Programmer,7/9/2003
2170,Barney Reddlesden,Compensation Analyst,6/18/2017
287,Merissa Rudolph,Design Engineer,9/13/2013
1707,Cati Mounsie,Project Manager,2/20/2010
8942,Martin Espinos,Administrative Assistant I,6/10/2000
3622,Devonne Stallybrass,Dental Hygienist,1/12/2004
4657,Queenie Adnet,Physical Therapy Assistant,1/1/2001
5513,Lauralee Dunnet,Physical Therapy Assistant,4/22/2004
3559,Mommy Beagley,Assistant Media Planner,3/11/2002
5286,Normie Vittery,Automation Specialist II,2/21/2007
5152,Kania Endle,Geological Engineer,8/24/2014
9738,Bekki Pinnocke,Assistant Manager,9/12/2011
8369,Natasha Ipwell,Compensation Analyst,1/15/2009
3010,Sibylla Cammomile,VP Product Management,9/26/2020
7616,Ronald Cossar,Senior Cost Accountant,3/22/2002
8344,Ora Hurn,Staff Accountant II,7/7/2015
4515,Jonie Hacker,Accounting Assistant I,4/16/2003
5708,Joshuah Ricard,Office Assistant IV,9/30/2003
5534,Yvon Forgan,Programmer Analyst III,2/25/2022
8480,Alano Blabey,Quality Control Specialist,10/19/2007
4906,Reba Dauby,Geologist IV,11/3/2006
371,Starlin Blackston,Research Associate,10/8/2012
3459,Queenie Jaszczak,Statistician IV,11/15/2000
543,Reinhard Doiley,Assistant Professor,2/12/2019
1527,Cassy Vanyukov,Physical Therapy Assistant,7/22/2016
8035,Alard Madgwich,Associate Professor,1/5/2005
9601,Toddie Canti,Food Chemist,5/26/2009
1688,Adella Boddington,Mechanical Systems Engineer,6/14/2021
9802,Gardener Clemencet,Engineer III,7/19/2004
4735,Lowe Casillis,Systems Administrator IV,8/24/2023
8413,Cam Broadey,Sales Associate,12/16/2003
9786,Yovonnda Doveston,Environmental Tech,1/19/2014
