ProductID,Price,ProductName
955,703012726,Nigel Matussevich
479,832642961,Oliy Strudwick
518,161758142,Mariellen D'Hooghe
16,320150935,Peg Mouse
899,568284175,Perice Harland
979,11187487,Hestia Grew
174,110101694,Malissia MacGrath
636,995573031,Cariotta Petraitis
945,758695416,Kameko Mitchener
459,163797243,Tam Wraith
116,351204185,Claribel Brighouse
432,611868137,Darryl de Guerre
688,598469251,Kalindi Drysdale
425,107084772,Carny Orrill
94,750305278,Beret Tuohy
341,458172166,Starlene Ferrierio
166,184818006,Al Kopp
933,581813803,Janifer Eddowes
774,864676324,Cedric Scoullar
516,102893285,Andriette Sheron
560,633354365,Melisandra Pigne
377,202397337,Andee Fountain
211,324673704,Bailey Stitt
807,499846894,Bert Loton
893,140194491,Elana Markey
953,805888239,Michail Skiplorne
638,210417078,Arabella Northbridge
441,667786347,Natal Hast
936,232373868,Erskine Gough
604,143573962,Ann Riseborough
1000,569764647,Lonna Ervine
764,819324734,Wilfrid Duckit
952,58200246,Sandor Limprecht
91,536424369,Vi Binch
386,577666525,Nananne Cranmere
724,594929775,Claudina Lerohan
622,530944587,Allegra Greeves
359,875760456,Aldis Colbert
330,95963337,Padraig Elsmore
659,370140829,Maighdiln Shemmin
329,41474117,Stephenie Wabey
506,603899312,Valentijn Pagen
333,157494455,Matteo Buffin
235,917946133,Shannon Plows
791,843110643,Philipa Grinval
182,407292869,Edwin Lawfull
392,438067075,Mikel Fandrey
124,236779623,Rheba Cockle
397,793079547,Micah Triggol
381,534851344,Helge Davio
733,695934037,Eveleen Borne
297,173352484,Judd Lockless
174,691044467,Tadio Pettingall
534,901194341,Fay Rubenovic
42,347136862,Ophelie Dumberell
123,86714357,Melanie Dorot
247,130455845,Abagael Soughton
64,746222762,Eldredge Smallthwaite
822,131145071,Karia Matfield
346,311563383,Paolo Breawood
713,74380393,Issy Siddaley
170,894724656,Flor Easton
414,784733949,Sisely Grayston
776,373984621,Sherilyn Gibberd
576,130187386,Cori Midford
840,185394083,Clarissa Loggie
270,980734897,Felicdad Covey
310,644864510,Lani Rylands
836,353503449,Maude Gammade
722,983316803,Grace Jandera
431,560036242,Boote Riggulsford
279,883469235,Bertrand Darkott
590,386815820,Sutton Gresty
821,414324078,Yancey Cridlin
275,825839572,Bernadene Foystone
587,53460147,Rosella Dabnor
611,85001613,Deeanne Webster
800,492625213,Reena Cutford
563,476008927,Tades Fritchley
726,647596717,Kile Sobtka
924,425656880,Anabelle Southerell
469,854800107,Christiana Musker
820,530823157,Korella Wallbanks
31,216814346,Ewan Bovey
851,21411189,Gene Avieson
284,344198497,Cirillo Ickowicz
508,472721038,Layla Drage
801,213525980,Xavier Keoghan
743,662253653,Kerrin Bass
496,974660701,Nissie Gherardi
784,919607597,Billy Conrard
211,965563065,Ken Bidmead
257,928021787,Rickie Beades
79,627907056,Iosep Cuxon
901,188943686,Culver Tregiddo
791,246197768,Audrie Catherine
396,486995638,Tierney Pulley
670,318610746,Abran Heninghem
546,366402292,Savina Skym
582,985843652,Gwyneth De Morena
70,66326930,Lilly Bellany
69,172020761,Marlie Lowder
396,2588246,Radcliffe Eby
835,729604388,Tabbi Canniffe
108,924914035,Thaine Latek
493,62938906,Tracie Hacard
96,885955122,Gayle Itzcovichch
572,47864890,Tynan Sellman
114,853831728,Evered Seiller
31,322403790,Katerina Hayton
53,762282870,Cindee Goudie
225,501810002,Ker Dickinson
909,758854918,Willa Tembey
472,138278059,Olly Wessell
805,42658592,Perice Driffield
37,678796514,Irving Pearsall
158,652448184,Tessi Kisar
489,529859327,Cristina Newlands
557,234919463,Jacques Brastead
986,597829737,Stanleigh Brands
136,271855231,Shurwood Ubsdall
24,285145189,Chancey Burgyn
743,689919961,Christiana Reditt
715,891965414,Andros Fraanchyonok
60,833468634,Sandye Scuse
358,249540406,Esra Gregs
715,580841558,Giacobo Hindmore
125,865315659,Cinda Edmundson
158,773736248,Lucie Pietrowicz
917,88629013,Neila Coggeshall
958,336560410,Caria Tibols
38,215060654,Shellysheldon Calvey
376,400229316,Claudine Carwithan
143,332566604,Donnie Doxey
193,454330479,Dennet Simonsson
588,300046043,Agustin Weeks
78,625331730,Timmy Hacket
624,312085702,Orran Tuffell
580,384267601,Mikaela Valero
478,13852558,Serene Kort
352,50628581,Andris Haxbie
859,822634305,Judy Persence
4,763152233,Araldo Clancy
651,924311001,Leroy Carne
246,241688278,Hamel Phidgin
864,472994893,Viki Addie
585,292608184,Marchall Bascomb
973,989916908,Harwilll Postill
973,447632948,Dame Neal
277,462348195,Shaylah Edridge
639,144983458,Weber Bramhall
776,54088245,Rachael Bellward
65,75356446,Jorgan Trounson
592,952112191,Sergio Prisley
429,50278431,Sara Barwood
61,233327606,Napoleon Bogart
466,299736702,Ernestine Zanre
708,811484046,Delia Seadon
139,258634370,Cyb Faltin
500,205430290,Kingsly Fernier
711,901618927,Archibaldo Jane
604,512504318,Perri Raisbeck
648,845164328,Claude Overel
548,99826950,Yehudi Biaggi
59,518010751,Adria Jeskin
935,477059177,Cullan Gullivent
965,8582338,Quintilla Durtnell
80,659567599,Mireielle Audritt
478,172488699,Pate Garnham
994,786722050,Bobine Marson
269,563983635,Onfre Cullagh
619,976900289,Frederique Hanscomb
802,700441209,Rafa Cullabine
101,929993664,Hubert Thorwarth
26,626873495,Ashla Richmond
788,277053212,Barbe Phython
207,206023569,Der Guiso
948,456685268,Barn Phillips
521,895264378,Rube Woodson
34,163716648,Riordan Bashford
666,329530327,Martin Bucke
833,329252062,Ericka Maulkin
55,143176971,Lola Spanton
308,472493928,Gris Hungerford
792,339273987,Ursola Timlett
347,134778965,Tyler Goulter
286,823600164,Luther Recke
81,372638393,Zilvia Sheaf
16,311050663,Karole Ellington
632,678598338,Marlee Angrock
391,259816135,Petronella Gallant
958,890389978,Piper Kubas
272,35068605,Nathanael McKeurtan
510,556955635,Robinet Mollindinia
101,477039575,Obadiah Lawlings
502,297530486,Merle Tootin
563,195430853,Hillery Drezzer
587,327580766,Lorelle Murdy
854,5494845,Jannel Scrancher
310,533183853,Dottie Bostock
347,697852581,Annabela Carik
274,722372839,Amandy Avo
335,495933297,Travis Dinesen
220,11672602,Hamilton Carstairs
991,585869313,Antin Pitherick
27,946704195,Adelheid Andriss
22,273510511,Hildagard Whittle
52,53010421,Gibby Heninghem
377,578774476,Karrie Woodberry
385,297480895,Fidela Hofton
143,153841437,Olimpia Keedy
513,500859038,Eileen Capitano
58,457149307,Nissie Cayford
656,742187827,Crawford Goodbody
835,964995113,Eberto McKoy
837,661530508,Harmony Devaney
751,39295221,Stillman Draxford
144,373213484,Lanie Hurdis
540,248427120,Chip Dawley
778,442826255,Katherina Boycott
305,602404697,Augustine De Freitas
770,793151033,Xylina Channing
61,159117209,Amara Kellet
904,601113373,Farly Lappine
580,3687920,Renae Sertin
639,565884947,Dorene Vyel
795,831315223,Pavla Durrant
783,736256836,Letizia Cockney
166,251401697,Sallyanne Hutchinson
244,761470370,Alisander Fronks
991,777228850,Helyn Haskew
495,794040402,Hollie MacNeilley
82,112893510,Fayre Kevis
568,96311779,Siusan Ballston
685,187788776,Bronson Wife
817,171864053,Zita Paragreen
79,286296799,Betsy McLean
478,740479367,Hermia Staddom
419,141416549,Inna Basezzi
398,133658276,Desmond Pomphrett
619,315814063,Pippa Kalinsky
126,343721384,Riki Tickle
402,349762184,Waiter Maffioletti
348,522638465,Kaela Howarth
922,179256584,Morey Fusco
86,71670223,Ashby Dearle-Palser
772,999376403,Dollie Jammes
63,712261114,Kenon Bockings
725,818673153,Ashla Ibbison
485,708822571,Sanders Ruoff
37,402331516,Cammie Swalowe
473,927235809,Drusilla Burchall
665,842370858,Maurizia Hughes
318,158643649,Alphonse Buston
66,581320800,Lucais Neno
242,943342702,Dougy Pattington
128,668110359,Jacqui Wythill
714,563964099,Erina Kingsnod
411,33086178,Kathy Viggars
759,604658298,Ofilia McCarroll
830,2851506,Claudian Unwins
193,906026695,Gwyn Corssen
290,621387469,Inez Ducker
298,322184497,Gayleen Adolthine
252,1920422,Ewell Columbine
753,845517940,Berk Southcott
165,250349819,Neel Seer
243,930833724,Lindsy Thomesson
564,842265982,Giuseppe Goldman
185,77239803,Bliss Torrijos
611,379393580,Christoper Patrickson
668,969842299,Stevie de la Tremoille
825,41013033,Morly Dickey
333,104251238,Hallsy Biner
888,302439599,Bradley Zorzin
255,889459690,Kathryne Jewers
421,354802179,Daveen Haws
387,274193002,Hilda Balls
426,296763710,Jared Bernardi
549,520221299,Frieda Nanetti
310,128336013,Les Sanham
641,106741180,Min Dobbins
887,870132839,Dolf Isles
662,891787597,Pearl Clausen-Thue
825,258291768,Florri Josebury
920,393451110,Rosamund Levins
178,454171346,Tomasine Armitt
259,351593613,Olivero Binne
73,133545656,Olympia Maplestone
128,569613233,Malchy Stibbs
815,424991009,Drusie Leeburne
523,986613422,Tremain Jillard
537,307713226,Nicoline Gerleit
136,267380807,Eldredge Greenham
928,36396685,Graig Clausson
112,643332501,Madeline Stobbe
61,83373484,Fedora Yearnes
558,763285380,Vale Bustard
911,92860771,Devina Folomkin
375,881395374,Cicely Gillogley
757,91814213,Trixie McMorran
514,444576384,Tiff Freddi
396,841314206,Marna Teodoro
445,924403161,Christyna Clarae
315,392594294,Ana Lyttle
239,312218793,Dani Gaspard
902,904325448,York Fraschini
118,441977999,Suki Carlsson
214,920583989,Marietta Hayer
289,774118940,Salome Longina
65,600809160,Shantee Marchi
10,605585440,Tyson Sommerville
621,447635293,Kelcey Degue
600,26737280,Danielle Fountaine
412,229379139,Dorey Limb
642,858770191,Fleming Mindenhall
625,17241789,Tammie Hunting
240,608844324,Annecorinne Matthewes
357,595535312,Amalie Hubbocks
392,253541702,Cobb Paik
777,518574243,Marcel Daymont
389,164604501,Carmine Berggren
762,911536534,Erna MacMaster
559,337978890,Rosa Ketcher
862,821311271,Anna Marskell
120,453453296,Somerset Jiggins
997,835928162,Vin Runsey
403,550849636,Rad Marusyak
779,416789892,Mellie Spragge
591,703495936,Marissa Ilieve
466,376341857,Geneva Gobbet
336,535238621,Amata Wardale
715,169885529,Nevsa Postlethwaite
136,395986344,Shayla Peery
940,630923439,Cornelius Keyser
436,234088297,Anderea Bolus
358,406150087,Lira Virgo
933,152309787,Marinna Wiltshire
496,981599157,Darcie Heaffey
223,474179985,Davita Salatino
598,325075215,Emmott Purbrick
265,512898705,Elihu Vuitte
165,295944628,Milton Pedroni
633,653810494,Maddi Dalligan
448,398969234,Antonina Akeherst
45,592726521,Eran Villalta
273,733676125,Virgie Siveyer
577,725264483,Boonie Falconer-Taylor
308,425177683,Linzy Kerman
95,101036435,Neddy MacGregor
993,242708532,Bartholomew Abrami
163,998394131,Euphemia Apfelmann
277,938233510,Branden Johnys
789,150037353,Archer Boag
363,267326502,Donetta Stirley
31,776297951,Mellisent Ikin
681,968626424,Thia D'Acth
482,870837900,Carolus Busek
678,247410134,Leonard Gallatly
338,322126671,Chrissie MacAdam
822,926918899,Micheal Mascall
73,882705550,Christoforo Adamovitch
215,850670051,Kahaleel Fairlem
413,492598379,Carline O'Sherrin
851,98984897,Axe Marcoolyn
278,235107628,Shell Redpath
520,406628121,Jessalin Hartman
336,964703502,Ester Halladey
718,818799754,Zia Backler
834,294906511,Nikolia Chellenham
801,145589400,Jewel Dabourne
898,346040666,Kariotta Rounsefull
515,823967150,Fern McComb
949,400613072,Shandie McPhee
912,84987851,Janet Belfield
546,533813179,Weidar Finn
909,622522663,Riccardo Littlechild
516,287841911,Timothy Voisey
960,374023505,Sophia Bowley
187,705959735,Lazare Smardon
841,836301709,Dallas Bardey
856,799585889,Odell Scarse
58,97199422,Flin Kegley
704,579520325,Lucy Dawtry
524,759288415,Vitia Trebilcock
362,826518702,Nessi Culwen
457,785125646,Land Bruins
31,579355945,Maje Fulmen
405,289418222,Dorine Deane
381,76649445,Tedman Harback
642,47767663,Viole Olensby
968,473093910,Gertrudis Kreber
155,567102831,Anson Huet
661,458402851,Adriano Truss
990,369323524,Ansel Marde
313,488883675,Herta Prettyman
589,258032159,Persis Mantz
747,105623691,Nola MacKain
110,776484279,Horace Vasyunkin
241,589773762,Carleton Gimblett
130,647460166,Aigneis Coombs
60,670541158,Nan Kerwen
855,425869978,Simonette Lembke
558,952148387,Flem Troutbeck
223,434299397,Cheryl Malter
875,60226019,Free Poon
303,610422473,Montague Pedrick
930,385777040,Clarence Kinavan
353,523514690,Brantley Eglin
374,521821114,Simona Iliff
86,528273494,Sherlock Bowstead
537,118438262,Rozalin Grossman
323,960002957,Courtney Benbrick
665,464215853,Vidovic Siney
866,763764954,Orland Cadman
375,546842268,Pattie Hardern
924,706607813,Flore Follin
451,242123440,Harriette Grisard
793,572041275,Hoyt McCumskay
873,705140538,Jone Mathias
12,884402070,Shalne Brady
495,285110353,Bernadene Cossem
783,908611936,Karola Lynd
436,880248105,Ivonne Foulgham
16,771558184,Estelle Westpfel
475,62137562,Clemente Itzkovsky
738,114441594,Elberta Wrankmore
389,666613969,Elvera Croley
241,194994396,Fred Danforth
433,608993692,Ajay Marty
565,989951134,Larina Pickin
397,519079848,Jo-anne Werrett
669,121706077,Janela Pottiphar
862,536557584,Reeta Ingleson
533,217968350,Geralda Prodrick
961,709666297,Riobard Suddock
667,483415387,Latia Peinton
268,428362511,Anestassia Arlidge
804,612158409,Laurianne Vinick
356,735477363,Laural Lowseley
41,838480687,Prudy Hanhard
108,814983895,Jennifer Santello
496,777782557,Dorrie Dovermann
376,622478714,Phyllis Jerg
441,749610775,Nariko Giovannelli
291,839022517,Barbabas Edinboro
889,453998784,Eolande Raycroft
987,319828825,Jackie Chuter
510,671695817,Sherri Ingrey
969,61714090,Murial Gaish
95,415274960,Lissie Leeson
765,462226415,Mattheus Fipp
439,792098450,Trever Izard
670,840060516,Osborn Folshom
489,754792577,Allina O'Crowley
401,301502000,Merrile Gavan
1000,60561811,Lotty Chatwood
499,67082167,Mace Lerner
633,468562673,Bell Haresign
837,655873732,Josefina Mosconi
331,906679472,Maurise Grew
753,635577976,Elise Epperson
625,817776458,Eward Crommett
759,604476782,Leicester Polleye
100,124100932,Lacey Braghini
665,792325701,Giustina Sailor
823,651563308,Godwin Phillcox
666,244959090,Chester Brislane
583,489652625,Nora MacElholm
171,256988046,Jammie Tomblin
562,76003294,Elysha Abbs
425,111976140,Bernadette Maffezzoli
941,504136523,Harlie Vallender
390,465056584,Ramona Limpertz
111,969474950,Puff Hellwich
41,591600875,Mala Baldung
439,340819575,Mick Kettleson
693,661382914,Ulrike Hadaway
725,165653817,Grant Learie
851,141934620,Neill Tomasian
83,117749215,Feliks Garnul
779,716945462,Dewitt Pynn
475,763168427,Kissee Trye
213,882606781,Mattheus Liddon
262,548863626,Paton Bielefeld
14,398489050,Sascha Martinson
878,414495475,Dex Pentycost
629,974552218,Benedicta Dacca
818,743487377,Marietta Yosevitz
674,286017384,Patrice Twigger
368,559242047,Petr Walford
696,223566894,Bonny Incogna
327,381246538,Craggy Cockling
352,347206629,Gwenette Messam
480,271441242,Shelden Fleg
485,992219176,Ricardo Winter
355,893804493,Marrilee Robertshaw
883,381105405,Emmerich Melby
60,305103745,Luce Wybourne
945,667494567,Timmie Ewen
67,13885742,Zia Gribbin
689,688391635,Dolores Trinbey
741,371116294,Adolph Batalle
676,521679485,Sibbie Bennison
698,839479658,Hamel Sear
597,231029841,Irwinn Horney
539,377525487,Udale Cregan
618,634204372,Ashbey Kimbley
376,67810506,Rusty Vasiliu
792,293446722,Dedra Pfeuffer
277,805997186,Harman Palfreyman
462,1749767,Elton McCumskay
671,254865691,Osmond Cassam
294,773124856,Julissa Skates
894,978767164,Marietta Espy
855,641799272,Raul Coxwell
888,438073008,Allyson Trythall
758,548837617,Georgeta Mudd
864,906882772,Geoffry Oldmeadow
94,590447542,Iris Edgeworth
357,930395775,Roxi Citrine
867,171222519,Horatia Blouet
576,405682345,Davine Alloisi
460,437529680,Adolpho Brute
73,641170916,Fanchette Coit
88,241756454,Modestine Praten
191,645455376,Nelli Warden
540,218735030,Jehu Eakly
399,530431987,Dianne Nutkin
684,572496011,Pru Rimmer
968,454987210,Moore Matten
936,158208697,Lois Kopp
602,752968107,Margareta Wales
410,658093906,Marchelle Rase
300,297405268,Germayne Mixon
525,346028840,Riki Jentin
598,692836916,Ailene Lorence
79,713598392,Feodor Strase
334,6116855,Jasper Henkens
878,353764585,Sara McElrea
44,547559760,Vanda O'Skehan
68,654118815,Laura Shannon
933,437397376,Tobiah Becom
669,812937566,Valentine Yukhnevich
797,927692960,Cull Partleton
23,872710596,Yolande Gaspar
271,790617315,Gerti Drillingcourt
338,123678388,Wenonah Linkleter
715,900882681,Adore Killingsworth
9,237879147,Blanca Guntrip
38,938973479,Allister Meneyer
254,241572522,Eda Jude
361,181787235,Darline MacTerlagh
805,569548585,Leupold Fone
339,913970731,Berty Gromley
637,507299215,Ferrel Pyott
821,629121840,Mercedes Swinyard
270,490904944,Binny Dallewater
488,275163825,Henrie Chanter
438,452075014,Corri Wackett
284,528489807,Gussie Goldes
4,370441465,Natalee Conradsen
860,544322885,Joane Snooks
987,966004306,Ross Tures
998,783353329,Enoch Snawden
580,959625545,Elora Horrod
228,18482673,Ulric Ziemke
339,828272796,Ax Witter
91,519821119,Darrelle Reoch
348,947610669,Lorita Revans
665,976984712,Olympie Kemmish
77,944337421,Godiva Chalcot
346,919766005,Todd Roddick
28,514323253,Bartholomeus Le Grys
896,558654426,Bibby Flemyng
212,929983491,Ginevra Clist
822,3178844,Edgardo Hulcoop
216,659374672,Georgeanne Corrin
257,988680941,Bernadette Gallacher
603,634124535,Janelle Pecey
564,90770233,Etta Stonard
249,990099088,Findlay Felder
855,137527119,Jaymee Church
507,556254906,Peirce Heffernon
862,836467269,Lorna Corden
323,88473028,Ferdinand Gosland
328,110829135,Fraser Durie
254,23310214,Odey Chatain
269,641334523,Siobhan Hatrey
158,151036115,Britney Atterley
185,315399698,Arlana Iffland
631,912586750,Aurore Harrild
639,496138608,Leoine Clapshaw
461,663165033,Candra Umpleby
362,695637448,Pip Sircomb
286,630099270,Marjy Lurriman
16,2770073,Terri Celiz
836,27548376,Deny Seel
289,981813170,Philippe Melton
599,810192331,Ricardo Girogetti
149,997828751,Daisi Rabbatts
853,744515500,Bebe Dioniso
685,640717645,Lemmie Goodman
211,42406228,Andi Pelham
353,201949518,Mehetabel Reignolds
511,473638880,Gregorius Pitcaithley
616,63807748,Carleen Harrald
49,331777369,Mason Saurin
928,163592423,Kayle Cole
940,313807228,Myriam Jacobsen
803,200746235,Dur Mordanti
815,535674375,Dennison Caudell
396,431586691,Alika Kubal
281,235341145,Diarmid Hasson
771,109174867,Rubina Pogosian
474,751007600,Elisabet Yakebovich
649,188830422,Gilli Waison
914,473596572,Raymond Hallbord
767,236901000,Carolus Clemenzo
366,846265315,Estella Guidelli
322,997485062,Morley Leil
867,648813428,Lowrance Boyet
905,384234618,Caitlin Ladloe
591,533789191,Franky Redman
748,264938013,Wendi De Cruce
858,838289603,Gussi Delve
881,711531553,Deni Dawltrey
679,408590681,Jeralee Pringley
398,886489530,Richardo Kacheller
972,55449503,Bryn Greenacre
292,79562552,Milt Breche
627,203000171,Franciska Jirus
765,680335675,Kori Earey
356,956666461,Carey Puddephatt
119,574605324,Marga Hyett
490,809135534,Arlana Rangeley
423,856829854,Gwen Kleeborn
200,85133203,Robinet Gurley
812,237350726,Biron Barta
342,143439229,Berty Holton
854,858112139,Deny Slane
155,886969276,Agnese Bromidge
125,763432270,Vale Swindell
628,889592917,Amandie Eldridge
500,470289932,Westleigh Diperaus
656,428893784,Agathe Dener
497,602549204,Heall Montez
170,301267160,Ripley Elijahu
503,292562985,Hyacinthie Stammers
559,685635605,Loren Gommery
477,451107683,Riane Roux
662,952644825,Rowland Castaignet
588,71078475,Burgess Skatcher
878,501322899,Denney Barr
675,325777666,Harwilll Tolchar
841,58481175,Maiga Fromont
799,701354135,Pyotr Corps
950,661984254,Taffy Le Provost
19,697761094,Abdul Silver
752,809930641,Trescha Cremins
953,609638020,Tedman Wheildon
402,458518297,Lowell Orcott
281,470212259,Pennie Wigley
95,293690407,Esra Crippin
132,326796293,Adriaens Corbally
324,363914564,Burgess Ingray
965,259327208,Valencia Burndred
167,76062869,Ruben Baitey
937,659060095,Herman Devey
566,732689099,Lizbeth Santarelli
968,224648997,Lindsey Vasentsov
146,489595388,Ardith Crosby
435,39128421,Isabeau Forestel
719,920934513,Jolene Roake
706,746863181,Bruis Skouling
81,338359963,Molly Glennon
597,194384801,Gherardo Breslauer
863,744943609,Raine Leport
339,361162522,Egbert Martell
521,711427236,Lynda Tilberry
238,498174692,Patrice Doggrell
141,582102114,Cesare How
427,557333256,Romain Van der Baaren
732,899266558,Adan Mcsarry
322,519408548,Meridel Kynvin
485,597291439,Genevieve Kynastone
197,417254309,Carey Bonnick
670,594660809,Katusha Klulik
608,658645641,Killian Brighty
532,499498211,Dolli Farey
142,259097677,Terrel Eversfield
190,653864940,Anne-corinne Mangam
958,382322507,Horatius Kitcatt
230,348514998,Barth Knighton
496,734628593,Marlow Cicco
574,733346392,Maryrose Bortolussi
428,572841904,Harlen Groger
390,973145239,Holly-anne Ibbison
421,344409529,Cornelia Dunley
420,704090145,Jose Hefferan
192,978302165,Diego Fasse
892,920807419,Lydie Gipp
805,482386641,Micki Blown
535,930346720,Florencia Ewell
864,91606681,Gib Luppitt
22,124703716,Bette Mathe
355,293520526,Tab Nizet
815,42794063,Kayne Kmiec
999,727518693,Maxy Faircliffe
768,256573153,Ursala Croy
361,23194048,Joann Nellies
900,941837338,Pietra Michael
835,184132167,Marylynne Davidovsky
720,818349213,Adrianna Faithfull
707,555106694,Charlene Bow
476,812985993,Doy Roberson
454,629719111,Brenden Connolly
725,212448571,Vina Rebanks
248,699676157,Caresa Heape
994,952710998,Lauryn Everix
125,312195747,Tedman Pietron
365,311828819,Emilie Liepina
532,152131883,Jillane Lentsch
163,237529846,Steve Phillot
298,218348607,Venita Dymott
575,814553881,Hermie Monni
365,224642570,Currie Cearley
991,804238398,Ashly Kirman
417,605809860,Marten Buddleigh
842,472345685,Bryn Jewers
256,430884823,Roscoe Kenworthey
331,806591121,Monti Heineke
619,905021686,Bone Balaisot
921,702619086,Ambrosio Humphery
666,935026579,Dot Batalle
188,465193664,Tanner Morrall
854,224866718,Shaw Ryson
939,485016433,Erin Munson
340,274191256,Gun Mathews
425,139969820,Jacquenetta Gunnell
430,852652790,Gilbertine Larby
165,219106074,Lonny Roust
782,691152836,Clayborn Longmaid
210,404457600,Marys Blasetti
791,891103810,Beverie Whitrod
391,4378196,Georgiana Landsborough
104,768757538,Gregor Nosworthy
851,558988050,Tallie Tixier
934,19404258,Karly Veschi
1000,555393980,Dmitri Enevoldsen
208,326657132,Janeva Dannett
444,417559825,Mickey Tysall
650,839116028,Abbe Cutchey
345,863421482,Hubert Oxborough
719,132792112,Shawnee Carbett
164,656826715,Reuven Bonefant
732,643762408,Doug McKeating
611,897999275,Eldridge Poulney
624,111836228,Vassili Rourke
978,609139683,Nikolas Steanyng
758,302075698,Haily Fearnehough
288,421092394,Brendon Mallebone
387,214974951,Marshal Wann
707,246655428,Dian Nazareth
360,115346114,Benton Jodrellec
70,619078272,Xylia Harse
105,165774709,Chrotoem McCotter
969,229790386,Nyssa Casier
66,170937433,Edik Piell
545,808762648,Jimmy Nadin
77,827220615,Jedd Cleve
135,52434208,Arliene Ormrod
874,806632700,Thayne McCallum
111,181902313,Nicolais Lowery
827,319103937,Marie-ann Harbord
101,710360436,Emily Forker
327,132525121,Stearne Jessen
22,370558122,Curran Flippelli
412,631916208,Hewett Eykel
914,373109784,Georgina Panas
503,673583384,Addy MacKeller
186,306810860,Allegra Chatters
431,995680083,See Gledstane
501,21738705,Ardene Guirard
206,328733006,Juan Howard - Gater
727,553506336,Cazzie Murdie
428,394550555,Eva Brookzie
525,963035993,Ray Jamson
18,178816922,Torin Pilsworth
202,784265992,Merilee Astles
451,137248523,Rosette Squirrel
468,923515369,Nadiya Bracegirdle
81,329721513,Anatollo Di Maria
427,480318883,Amble Melladew
758,83229363,Ansell Swadling
93,62187656,Sayers Frostdick
567,512032302,Jarvis Didball
462,834733952,Jamie Sherrington
770,539162044,Burr Kirmond
142,794498879,Darya Aires
390,585065908,Vasily Lanchbury
679,538037646,Inness Stonary
810,416948513,Jemie Battison
476,980935339,Davita Volker
116,543718581,Maren Palister
285,715259923,Vernen Pavek
653,299957448,Gaylor Cassell
345,577286272,Gibby Antoniewski
473,691605070,Elihu Rittmeyer
661,414497616,Reed Mocquer
743,703438800,Salvatore Smoote
185,254786752,Kahlil Van Halen
561,465840661,Barrie Holtum
456,403388662,Lari Georgius
330,699124995,Sandy Reagan
671,179972564,Jourdan Dowzell
797,166108279,Christiana Vivers
89,949300269,Hercule Arias
78,788784143,Ange Tiernan
205,827967992,Ward Honatsch
587,662312068,Adria Lente
306,646108357,Aldis Booi
652,926403849,Winnifred Delacroix
575,483791024,Shalna Croshaw
608,872158726,Kermie Silvester
251,730673900,Charo Moulsdale
472,967931288,Hannis Littley
235,20586559,Gilberto McCreath
764,577360346,Michale Ferrier
756,624999924,Belle Greeve
271,434815037,Camile Abendroth
922,452447719,Wynny Danter
479,426204894,Allard Saterthwait
209,587558093,Raff Pitman
562,870717594,Andie Ledwich
586,473111484,Kirsten Ruspine
307,16099733,Felic Livett
751,18763974,Joly Heaviside
266,521647017,Isiahi Kellick
541,527945955,Marcellus Gallally
267,596394737,Patrice Braisher
787,134937055,Wheeler Alder
42,48441812,Crysta Kislingbury
339,564718912,Lindy Althrope
693,801008300,Binky Holbarrow
111,155035857,Ada Perez
24,101466225,Meggy Mealand
383,217312317,Sheila-kathryn Ryton
921,686803108,Jay Herche
54,45667276,Margaretta Shank
320,65195666,Merle Ilson
43,990715413,Molli Isenor
48,53967835,Zacharias McCarrell
652,814364896,Aurelie Chaudron
691,676081125,Eada Castledine
748,409054463,Noland Pendre
793,843422550,Maddalena Malatalant
66,496796680,Patrizia Arnao
441,56438987,Dyna Camp
295,750227475,Hayes Zorn
230,233631307,Doloritas Dilnot
387,717186055,Cleo Wavell
815,213267439,Wood Cadwell
962,859838418,Gleda Rizzotto
189,983499369,Jonell Luc
8,102563761,Michail Short
237,485030542,Anita Bolstridge
203,491332552,Esther Ranstead
360,704843609,Munroe Ronca
166,398564965,Gunther Souten
823,706467910,Cordey Delacour
541,112273110,Renato Bredbury
679,362045004,Faun Rubinowitz
235,383832743,Hunter Ewbach
880,818379060,Emilio Ivankov
794,689965917,Angil Buxam
822,100453618,Pen Halhead
919,870262743,Danita Di Boldi
580,372319118,Melisande Peete
172,821533225,Frederik Grocott
389,958979664,Ruthann Macia
871,546548493,Sheryl Drennan
561,523002352,Teodor Fowden
535,947433172,Jena Tarbath
518,641206172,Dmitri Grimstead
703,331176052,Sayres Tewes
738,347219459,Gabi Bielfeld
38,638173624,Quintilla Kingzeth
815,317711893,Rollie Sherme
15,255540093,Dov Derkes
603,627547957,Emily Etridge
295,693176330,Shari Drew
463,506145993,Clare Meron
892,21540501,Hanni Bogue
905,352824273,Cad McIan
926,953800758,Maurits Duplain
209,348313362,Janeczka Mottinelli
964,429122641,Hoebart d' Elboux
725,720825301,Minni Snazle
633,513613812,Ned Kilpatrick
515,971173907,Rurik Pistol
173,809073295,Fabe Gateshill
763,585619114,Oberon Hackley
276,961528637,Kellen Bottlestone
612,533938718,Nathalia Corpe
71,842970135,Jeannie Saunter
884,166576550,Iosep Yeliashev
385,905545018,Brant MacFadzan
918,800076595,Art Biesterfeld
173,564688741,Dee dee Neely
264,216045273,Kim Overil
384,121987032,Sigismond Bliven
976,301527413,Waly Dutchburn
485,73166776,Dominick Esterbrook
852,413768126,Elnar Norris
14,552248928,Ruthanne Vayro
226,838030428,Reagen Leathley
459,178138640,Maynard Block
988,739443584,Rozanne Prestedge
880,829077012,Kelsey Lewens
246,6686622,Rosalind Huntley
873,128912435,Amelina Drissell
651,452747926,Cleve Marnes
917,857498271,Dion Robyns
22,782221693,Roselle Grenshields
829,219074503,Ebenezer Gofton
27,117151622,Quentin Rippon
141,975653696,Rriocard Allington
785,110113426,Shaw Parcall
76,19945403,Yetta Redmile
306,945730237,Estevan Manser
984,945778269,Allister Chalder
806,332620634,Alysia Troup
235,944941208,Kylynn Coudray
835,455300560,Nelia Chaddock
33,107032182,Dagmar Kilmaster
87,475233876,Ganny Karlmann
79,38786418,Bettye By
461,585468905,Cass Gorini
397,51608315,Alberto Halso
980,989306131,Reider Adlam
118,924269655,Dave Pellamont
845,319686965,Cammi James
267,726960066,Adda Robiou
723,380083097,Bartram Pelosi
765,486148061,Ingaborg Noquet
691,164186640,Kitty Kubacek
215,745763289,Beryle Rennebach
374,507289965,Hynda Mill
536,201621296,Jacquelin Birchner
934,488521537,Nanine Kenninghan
970,711798359,Sinclair Durrad
919,280929299,Allyn Hallihan
737,752582664,Isis Mulberry
562,287093848,Marthe Whitmell
619,963392251,Karilynn Baison
335,122770033,Cynthia Masse
543,157205598,Julia Yuryev
848,463265246,Nannie Brixham
361,445458184,Arne Westbury
566,763099609,Jarrad Wittey
615,693461269,Kelsey Malling
991,322683319,Adolphe Heppenspall
519,768214752,Joycelin Frankish
584,16024823,Quintana Rait
748,825532454,Beau Gambrell
763,764242814,Alec Hartus
38,893495997,Bennett Crunden
76,635069758,Georgi Brando
204,511310878,Julietta Moatt
442,233589734,Malva Djakovic
786,299471225,Cecilius Serot
592,37953019,Padraig Duckers
935,640482765,Belle Hallbird
236,18047373,Gilburt Hazelden
70,54731581,Carie Meus
553,697300802,Inez Di Biaggi
915,448877959,Celesta Plevin
811,576677472,Rici Blampied
786,646509666,Gisella Empson
824,595026003,Wilt Gaylord
186,646844393,Trenton Rivard
777,220149970,Velvet Backwell
275,53780622,Heida Slocket
805,966831203,Tillie Dellenbrok
722,382971662,Fannie Stearndale
405,274704519,Marcelia Pentony
655,274306999,Hewie Thomasson
916,352195056,Andras Gudyer
643,848786202,Ally Pimm
276,302047907,Talia MacDaid
267,375697141,Mignon Thickins
187,786692446,Jennifer Point
132,780704185,Flossie Garwill
925,39504203,Hale Boater
864,715137240,Evangelin Patullo
433,314264527,Nestor Soppitt
717,548069903,Kathy Antrim
904,627829324,Lora Snaddon
64,975614375,Deva Polgreen
