ProductID,ProductName,TypeOfProduct,Price
45548,Cake - Box Window 10x10x2.5,Toys,9719
25798,Sugar - White Packet,Toys,3485
65395,"Pasta - Linguini, Dry",Clothing,9000
1643,Cranberry Foccacia,Gear,2308
33364,Nantucket - 518ml,Toys,7800
15724,Ice Cream Bar - Drumstick,Electronics,7198
62711,Mushroom - Chanterelle Frozen,Books,4864
96912,Grapefruit - Pink,Sports Equipment,6731
97395,Trout Rainbow Whole,Pet Supplies,3859
96091,Cherries - Fresh,Gear,534
73645,Extract - Raspberry,Books,7266
99777,"Bread - Pullman, Sliced",Toys,7016
3339,Garlic Powder,Gear,9571
19628,"Pasta - Elbows, Macaroni, Dry",Kitchen,6231
72142,Bread - Rye,Electronics,277
89864,"Wine - Red, Colio Cabernet",Clothing,8844
93355,Browning Caramel Glace,Kitchen,8542
81242,"Pepper - Chillies, Crushed",Sports Equipment,2146
60538,"Tarragon - Primerba, Paste",Beauty Products,8147
26158,Cookie - Oatmeal,Kitchen,1493
44841,Wine - Vovray Sec Domaine Huet,Clothing,4662
33315,Milk - Chocolate 250 Ml,Kitchen,4842
20990,Croissants Thaw And Serve,Kitchen,5807
71416,Pate - Liver,Gear,9121
37854,Tomato - Green,Electronics,4770
82675,Food Colouring - Orange,Gear,1245
48508,Onions - Green,Electronics,5750
90727,Cheese - La Sauvagine,Books,1074
85367,Rootbeer,Toys,1738
76199,"Cherries - Maraschino,jar",Kitchen,7144
89228,Tarts Assorted,Books,3471
3502,"Ecolab - Orange Frc, Cleaner",Clothing,6080
20787,Cheese - Asiago,Beauty Products,8268
96973,"Bread - Roll, Soft White Round",Toys,6590
40556,Wine - Cabernet Sauvignon,Home Decor,9207
9822,Sultanas,Sports Equipment,3237
41577,Lettuce - Green Leaf,Kitchen,9637
49939,Pastry - Carrot Muffin - Mini,Kitchen,5294
49213,Chicken - Soup Base,Sports Equipment,9269
59057,Pomegranates,Gear,4493
88352,"Beef - Ground, Extra Lean, Fresh",Clothing,3059
18616,"Mushroom - Enoki, Fresh",Gear,2125
46378,"Beef - Bones, Cut - Up",Kitchen,4097
26476,Sauce - Hp,Beauty Products,187
98288,Cocoa Butter,Gear,1176
77915,Cheese - La Sauvagine,Home Decor,5175
52849,Energy Drink,Books,1037
43172,Zucchini - Green,Toys,1549
70564,Gherkin,Home Decor,7127
79845,"Turkey - Breast, Boneless Sk On",Sports Equipment,9966
58837,Beef - Tender Tips,Electronics,9826
1735,"Cheese - Cheddar, Mild",Books,2104
28882,Isomalt,Sports Equipment,9827
11767,Milk - Condensed,Toys,4488
72398,Lettuce - Radicchio,Electronics,165
31877,Coffee - Almond Amaretto,Pet Supplies,9598
63222,Cookies - Englishbay Chochip,Sports Equipment,8108
54136,Capers - Ox Eye Daisy,Books,4912
57203,"Juice - Apple, 341 Ml",Pet Supplies,2095
27833,Steamers White,Gear,3507
17068,Bread - Malt,Gear,4928
52610,"Beans - Turtle, Black, Dry",Books,3674
6562,"C - Plus, Orange",Books,1891
29952,Snapple - Iced Tea Peach,Pet Supplies,9409
55898,"Lamb - Racks, Frenched",Books,3570
73005,Numi - Assorted Teas,Beauty Products,3868
90245,Ecolab Digiclean Mild Fm,Pet Supplies,8493
89618,Lettuce - Frisee,Home Decor,5575
96534,Jagermeister,Sports Equipment,6394
61008,Lamb Leg - Bone - In Nz,Electronics,2353
88018,Apricots - Dried,Electronics,8316
23385,Piping - Bags Quizna,Electronics,5238
90851,Wine - Maipo Valle Cabernet,Books,9241
22872,Bread - Mini Hamburger Bun,Pet Supplies,8838
89999,Foam Tray S2,Kitchen,9842
89135,French Pastry - Mini Chocolate,Beauty Products,5378
83990,Pork Salted Bellies,Books,4766
28544,Tea - Jasmin Green,Sports Equipment,1959
16400,Propel Sport Drink,Electronics,591
95826,Pie Pecan,Toys,5380
71414,Arrowroot,Books,5255
65541,Sherbet - Raspberry,Books,577
33508,Pork Salted Bellies,Gear,1802
66656,Lettuce - Sea / Sea Asparagus,Kitchen,538
22345,"Pepper - White, Whole",Books,3363
99096,Miso Paste White,Home Decor,4750
14523,Tart - Raisin And Pecan,Electronics,3924
49305,Asparagus - Mexican,Electronics,2082
38811,"Wine - Bourgogne 2002, La",Sports Equipment,1520
55357,Pepperoni Slices,Pet Supplies,3505
38543,Cumin - Ground,Sports Equipment,1007
69728,Chocolate - Dark,Home Decor,8198
99914,Pork - European Side Bacon,Electronics,8424
44209,Jolt Cola - Red Eye,Books,5362
33644,Flour Dark Rye,Pet Supplies,7442
20611,Paper Cocktail Umberlla 80 - 180,Books,4554
39784,Mushroom Morel Fresh,Home Decor,9098
81270,Noodles - Steamed Chow Mein,Kitchen,7433
24222,Pork Casing,Books,6971
13290,"Lemonade - Black Cherry, 591 Ml",Electronics,393
16610,"Beer - Alexander Kieths, Pale Ale",Beauty Products,1190
43249,Glaze - Apricot,Gear,6311
81091,Milk - Condensed,Electronics,8732
93487,Chocolate - Liqueur Cups With Foil,Kitchen,4199
51449,"Oil - Food, Lacquer Spray",Kitchen,9449
9535,Cheese - Wine,Pet Supplies,8668
94682,Beef Dry Aged Tenderloin Aaa,Clothing,8885
13088,"Vinegar - Balsamic, White",Toys,4798
10187,Pails With Lids,Beauty Products,8048
52854,Ginger - Fresh,Gear,4610
13456,Butcher Twine 4r,Clothing,6957
45155,Loquat,Books,5866
20775,Marjoram - Fresh,Kitchen,6082
57892,Iced Tea Concentrate,Clothing,450
19942,Tomatoes Tear Drop,Clothing,7741
80521,Icecream - Dstk Super Cone,Gear,3448
35711,Spinach - Packaged,Books,9493
23694,"Champagne - Brights, Dry",Gear,6854
13489,Container Clear 8 Oz,Toys,2970
6539,Iced Tea Concentrate,Books,9857
53477,Crab - Imitation Flakes,Electronics,4971
26832,Coffee - Ristretto Coffee Capsule,Gear,7542
23650,Ice Cream - Super Sandwich,Books,5335
32802,Muffin Hinge Container 6,Sports Equipment,6228
93924,Napkin White - Starched,Toys,6688
4413,Wine - Vovray Sec Domaine Huet,Beauty Products,4210
47728,Silicone Paper 16.5x24,Clothing,6857
14102,"Nut - Almond, Blanched, Ground",Home Decor,8839
64758,Shark - Loin,Home Decor,902
75531,Brandy Cherry - Mcguinness,Gear,6112
82850,Sauce - Chili,Clothing,1882
75905,"Trout - Rainbow, Fresh",Clothing,1814
37265,Leeks - Large,Toys,1208
86643,Pastry - Apple Muffins - Mini,Sports Equipment,3126
39312,Cookie Choc,Electronics,6687
89668,Soup - Base Broth Chix,Books,8554
95074,Octopus,Clothing,1513
92600,"Wine - Red, Concha Y Toro",Books,900
11282,Chickensplit Half,Electronics,3454
60724,"Rum - Coconut, Malibu",Home Decor,9045
44652,"Juice - Clam, 46 Oz",Kitchen,1289
81644,Grapes - Red,Gear,115
50103,Oil - Sunflower,Clothing,4326
49208,The Pop Shoppe - Root Beer,Books,2726
20858,Pork - Ham Hocks - Smoked,Kitchen,6623
49478,Chocolate Bar - Smarties,Home Decor,66
64948,Catfish - Fillets,Sports Equipment,1276
72428,Durian Fruit,Kitchen,1909
61977,Kiwano,Kitchen,5034
71883,"Lamb - Whole, Fresh",Kitchen,2859
48345,Chicken - Leg / Back Attach,Kitchen,7165
85282,Creme De Menth - White,Sports Equipment,5000
86509,Oyster - In Shell,Electronics,2991
33666,Cheese - Comtomme,Gear,9409
71270,Quail - Jumbo Boneless,Electronics,6795
55697,Red Currants,Home Decor,9203
27243,Swordfish Loin Portions,Electronics,1635
75363,Soup - Campbells Mushroom,Beauty Products,7807
7780,Ecolab Silver Fusion,Pet Supplies,3312
44265,Cheese - Augre Des Champs,Clothing,2907
62987,Hinge W Undercut,Sports Equipment,7283
65216,Lamb - Loin Chops,Clothing,4247
36912,"Crab - Dungeness, Whole",Electronics,9664
26361,Dill Weed - Fresh,Pet Supplies,1856
95358,Chef Hat 25cm,Gear,3656
5588,Scallops - U - 10,Pet Supplies,2233
82034,Cheese - Comte,Books,3692
62966,Veal - Eye Of Round,Kitchen,501
13741,Eggplant - Asian,Electronics,9229
93871,Vinegar - Red Wine,Kitchen,8713
16266,"Juice - Cranberry, 341 Ml",Home Decor,2383
45705,Drambuie,Books,4286
65357,Container Clear 8 Oz,Clothing,7984
75183,Hersey Shakes,Pet Supplies,6242
50217,Wine - Lamancha Do Crianza,Pet Supplies,8625
27868,Cleaner - Bleach,Electronics,9449
39388,Tea - Lemon Scented,Toys,726
10207,Pea - Snow,Pet Supplies,8528
20633,Muffin Mix - Morning Glory,Toys,5010
2689,"Cheese - Cheddar, Old White",Clothing,3620
32370,"Beef - Cooked, Corned",Beauty Products,8455
52464,Berry Brulee,Kitchen,2070
26964,Sea Bass - Fillets,Books,8569
62237,Baking Soda,Clothing,2989
66158,"Split Peas - Green, Dry",Kitchen,59
51829,Bread Sour Rolls,Books,7059
60225,"Garlic - Primerba, Paste",Gear,8123
64978,"Beef - Rouladin, Sliced",Kitchen,1561
73470,Molasses - Fancy,Pet Supplies,3136
10585,Pastry - Banana Muffin - Mini,Books,8695
20768,Sponge Cake Mix - Vanilla,Toys,5724
31828,Seabream Whole Farmed,Gear,5183
86574,Skewers - Bamboo,Gear,4065
52708,Soup - Campbells Beef Strogonoff,Books,2145
69364,Sherry - Dry,Pet Supplies,7787
9397,"Soup - Knorr, Chicken Noodle",Gear,4142
46289,"Red Snapper - Fresh, Whole",Electronics,4371
84526,"Tea - Darjeeling, Azzura",Beauty Products,4129
69944,Cookie Dough - Chunky,Kitchen,2619
60617,Capers - Ox Eye Daisy,Books,5102
51896,Black Currants,Sports Equipment,2898
38091,Rice - Long Grain,Pet Supplies,6430
37956,Salami - Genova,Books,76
61491,Table Cloth 62x114 White,Electronics,3975
11747,Sea Urchin,Beauty Products,8820
83066,Foam Tray S2,Home Decor,2077
33998,Mayonnaise - Individual Pkg,Sports Equipment,4194
49459,"Wine - White, Mosel Gold",Home Decor,4678
49859,Appetizer - Mushroom Tart,Home Decor,8174
49948,Mace Ground,Gear,929
76955,"Bread - Dark Rye, Loaf",Home Decor,5506
36777,Cheese - Asiago,Toys,4887
70684,Soup - Campbells Chicken,Toys,6036
18738,Pepper - Chili Powder,Books,3789
91891,Crackers Cheez It,Toys,2339
87381,Mustard - Dijon,Books,8675
17837,Cakes Assorted,Electronics,5404
36421,"Tea - Darjeeling, Azzura",Kitchen,1738
56632,Spice - Peppercorn Melange,Pet Supplies,5770
47053,"Soup - Clam Chowder, Dry Mix",Books,9071
75319,Shrimp - Black Tiger 6 - 8,Home Decor,8451
276,Carbonated Water - Cherry,Gear,3550
72956,Lettuce - Belgian Endive,Clothing,3396
10890,"Mushroom - Shitake, Dry",Kitchen,4546
79657,Beans - Fava Fresh,Gear,2589
29107,Tomato Paste,Toys,1453
57341,Bread - Pumpernickel,Books,4441
79695,Salt - Kosher,Sports Equipment,7463
47648,"Wine - Red, Mosaic Zweigelt",Sports Equipment,989
13082,Tuna - Loin,Kitchen,1807
79097,"Wine - White, Riesling, Semi - Dry",Electronics,2757
95747,Wine - Fino Tio Pepe Gonzalez,Toys,68
78085,Parsley - Dried,Gear,1099
39233,Roe - White Fish,Electronics,2663
7744,Alize Sunset,Beauty Products,4167
3134,Pur Source,Gear,7425
7088,Wine - Manischewitz Concord,Pet Supplies,2538
95846,"Pasta - Gnocchi, Potato",Pet Supplies,2386
47449,Beer - Muskoka Cream Ale,Home Decor,7483
4556,Sprouts - Alfalfa,Gear,9770
74208,Steam Pan - Half Size Deep,Home Decor,8074
7828,Scampi Tail,Pet Supplies,7388
51307,Yoplait Drink,Toys,194
67112,Bacardi Breezer - Strawberry,Sports Equipment,5952
39947,"Mushroom - Morels, Dry",Home Decor,4085
17241,Coffee - Espresso,Electronics,1992
89022,Eel Fresh,Sports Equipment,1939
53551,Chicken - Tenderloin,Sports Equipment,4640
72153,Pasta - Fusili Tri - Coloured,Pet Supplies,4987
37176,"Cheese - Manchego, Spanish",Sports Equipment,4043
59351,Milk - 1%,Books,80
36795,Wine - Cousino Macul Antiguas,Clothing,6076
66340,Burger Veggie,Sports Equipment,4951
61016,Cup - 4oz Translucent,Gear,3739
69594,Puree - Pear,Electronics,1685
70319,Cheese - Sheep Milk,Gear,565
79663,Capon - Whole,Clothing,415
69053,Butter Balls Salted,Pet Supplies,3569
28011,"Split Peas - Yellow, Dry",Electronics,1879
83336,Juice - Lemon,Toys,6670
74997,Pie Box - Cello Window 2.5,Sports Equipment,578
24464,Wine - Stoneliegh Sauvignon,Electronics,4291
15706,Soup - French Can Pea,Books,2389
68971,Apples - Sliced / Wedge,Sports Equipment,9727
27116,Irish Cream - Baileys,Beauty Products,2629
18815,Ecolab - Mikroklene 4/4 L,Sports Equipment,6888
33442,Coffee - French Vanilla Frothy,Toys,2374
27014,Wine - Chateau Aqueria Tavel,Gear,2085
61436,Bread - Pain Au Liat X12,Pet Supplies,5024
5727,Lid - 16 Oz And 32 Oz,Toys,2239
51297,"Pepper - Julienne, Frozen",Kitchen,567
45131,The Pop Shoppe - Cream Soda,Clothing,4847
4569,"Syrup - Monin, Swiss Choclate",Clothing,6475
58059,Icecream - Dstk Strw Chseck,Books,6165
86012,Salami - Genova,Pet Supplies,5078
63239,Bread - Dark Rye,Sports Equipment,5598
77565,"Sole - Dover, Whole, Fresh",Clothing,2528
4011,Coffee Guatemala Dark,Home Decor,6675
80980,Beer - Muskoka Cream Ale,Pet Supplies,1360
84661,Turkey - Oven Roast Breast,Electronics,4250
39254,Lettuce - Romaine,Pet Supplies,3498
73112,Pastry - Choclate Baked,Electronics,9044
20884,Frangelico,Books,1870
94681,Pomegranates,Home Decor,8288
96694,V8 - Vegetable Cocktail,Pet Supplies,5321
96544,Truffle Cups - White Paper,Sports Equipment,6173
20956,Napkin White - Starched,Pet Supplies,7692
18667,Oranges,Books,2736
90715,Kellogs Raisan Bran Bars,Clothing,7169
83846,Dawn Professionl Pot And Pan,Electronics,2562
80720,Zucchini - Yellow,Books,8108
22935,Soup - Campbells Bean Medley,Kitchen,8112
5892,Rice Paper,Home Decor,4100
36810,Mousse - Passion Fruit,Pet Supplies,8083
31050,Wine - Vidal Icewine Magnotta,Beauty Products,9608
24394,Sauce - Caesar Dressing,Books,3817
35177,Lid Tray - 12in Dome,Sports Equipment,2932
41974,Cloves - Ground,Books,5492
181,Sterno - Chafing Dish Fuel,Gear,2355
48428,Chocolate - Unsweetened,Beauty Products,5027
66724,Dr. Pepper - 355ml,Toys,1785
52373,Cheese - Brick With Pepper,Pet Supplies,3857
75650,Lamb Shoulder Boneless Nz,Pet Supplies,822
56197,"Salmon - Atlantic, No Skin",Home Decor,3368
52765,Sobe - Liz Blizz,Toys,587
53265,Napkin Colour,Beauty Products,9946
55284,Fenngreek Seed,Gear,1072
53566,Brandy Cherry - Mcguinness,Kitchen,9593
66255,Parsley - Dried,Gear,3172
14243,Mushroom - Lg - Cello,Toys,941
65073,Plasticforkblack,Electronics,8277
14128,Ecolab - Medallion,Sports Equipment,6231
1254,Coffee - Almond Amaretto,Clothing,884
62520,Rice - Sushi,Kitchen,450
64361,Peppercorns - Green,Sports Equipment,1741
96158,Peach - Halves,Sports Equipment,9622
22318,Parasol Pick Stir Stick,Pet Supplies,217
49194,Muffin - Bran Ind Wrpd,Sports Equipment,4711
36438,Persimmons,Toys,7146
69115,"Beef - Rouladin, Sliced",Kitchen,5104
60249,Liqueur - Melon,Clothing,5133
12073,Coffee - Cafe Moreno,Electronics,9682
63697,"Pork - Bacon,back Peameal",Pet Supplies,2239
4850,Cup Translucent 9 Oz,Beauty Products,3380
83770,"Beef - Cooked, Corned",Toys,1838
94329,Numi - Assorted Teas,Gear,4912
50423,Oneshot Automatic Soap System,Gear,7921
25773,Wine - Balbach Riverside,Beauty Products,4147
54599,Chip - Potato Dill Pickle,Toys,4739
90339,Wine - Chianti Classico Riserva,Home Decor,2033
7836,Ice Cream - Life Savers,Beauty Products,3882
4078,Squash - Butternut,Toys,6513
20661,Sauce - Plum,Electronics,4090
22944,"Doilies - 10, Paper",Pet Supplies,9941
63830,Chicken - Livers,Sports Equipment,8933
55947,Pail For Lid 1537,Gear,6337
68105,Veal - Ground,Home Decor,8731
30504,Sauce - Alfredo,Toys,904
26675,"Lemonade - Kiwi, 591 Ml",Electronics,8532
49107,Bread Crumbs - Japanese Style,Gear,5710
62690,Table Cloth 144x90 White,Kitchen,1094
336,Cookies Cereal Nut,Books,5101
64939,Cookie Dough - Chocolate Chip,Books,5886
63758,Pepper - Cayenne,Kitchen,6286
80241,Venison - Racks Frenched,Books,1429
647,Liqueur - Melon,Toys,4461
19241,Wine - Zinfandel Rosenblum,Books,9496
62940,"Tea - Darjeeling, Azzura",Clothing,5108
61711,Pickerel - Fillets,Sports Equipment,1299
75060,Snails - Large Canned,Electronics,7615
38697,"Wine - Red, Colio Cabernet",Kitchen,9908
84019,Sorrel - Fresh,Sports Equipment,807
10213,Pepper - Cayenne,Electronics,3217
21507,Pur Value,Sports Equipment,2533
15213,Cheese - Gouda Smoked,Clothing,1083
64679,Pizza Pizza Dough,Sports Equipment,2391
92224,Sage Derby,Books,3491
67556,Tarts Assorted,Kitchen,7908
20711,Frangelico,Electronics,8184
51210,"Sauce - Apple, Unsweetened",Home Decor,7688
13934,"Wine - White, Ej Gallo",Electronics,6594
77897,Veal Inside - Provimi,Electronics,4449
35734,Sprouts - Peppercress,Pet Supplies,29
15309,Glass Clear 7 Oz Xl,Toys,977
78661,Muffin Carrot - Individual,Sports Equipment,8638
97945,Vaccum Bag - 14x20,Toys,1660
71011,"Chocolate - Pistoles, Lactee, Milk",Clothing,7155
56947,Oxtail - Cut,Sports Equipment,7920
37351,Filling - Mince Meat,Gear,9243
34424,Tofu - Soft,Gear,2548
13742,"Wine - White, French Cross",Clothing,683
55181,Soup - Campbells Mac N Cheese,Toys,2969
42141,Grapes - Black,Toys,7374
32371,Lid Tray - 16in Dome,Books,4581
57667,Sausage - Andouille,Clothing,3389
37102,Lid Coffeecup 12oz D9542b,Books,3365
29496,Wine - Placido Pinot Grigo,Gear,7627
7473,Figs,Home Decor,6755
3451,Chocolate - Milk Coating,Toys,5833
50397,"Wine - White, Pinot Grigio",Gear,6924
7616,Pomello,Books,4132
584,"Tomatoes - Vine Ripe, Red",Beauty Products,2906
47498,Lamb - Bones,Toys,1072
7418,"Bread - Rolls, Rye",Gear,7727
88151,Cheese - Parmigiano Reggiano,Kitchen,6667
86323,Grenadine,Toys,6934
78657,"Beef - Baby, Liver",Home Decor,7809
90134,Melon - Watermelon Yellow,Beauty Products,4629
75381,Appetizer - Escargot Puff,Kitchen,9501
36778,Cheese - St. Andre,Beauty Products,9756
80634,Island Oasis - Pina Colada,Clothing,5305
20292,"Chicken - Leg, Fresh",Books,1052
2055,Spring Roll Veg Mini,Electronics,7913
51033,Salt - Sea,Gear,6768
98149,"Wine - Magnotta - Red, Baco",Pet Supplies,1923
10778,"Spoon - Soup, Plastic",Home Decor,5183
32338,Beer - Tetleys,Home Decor,6938
66380,Bagel - Ched Chs Presliced,Kitchen,8666
7272,Yeast Dry - Fermipan,Toys,1812
96893,Wine - Peller Estates Late,Sports Equipment,4374
12058,"Mushroom - Chanterelle, Dry",Clothing,419
46985,Fudge - Cream Fudge,Beauty Products,5118
93582,Chicken - Wieners,Gear,4685
40907,Taro Root,Electronics,7694
88955,Soup - Campbells Mac N Cheese,Pet Supplies,2471
65527,Beer - Sleemans Honey Brown,Gear,4095
23629,Wine - Tribal Sauvignon,Kitchen,5608
9947,Tea - Mint,Books,3325
35888,Truffle Paste,Home Decor,956
20249,Sugar - Fine,Kitchen,4467
72584,Lettuce - Romaine,Beauty Products,9603
76337,Taro Root,Kitchen,5007
42585,Milk 2% 500 Ml,Kitchen,9775
60453,Langers - Mango Nectar,Clothing,4687
39517,Sausage - Chorizo,Electronics,3760
39300,Veal - Inside,Clothing,2136
64354,Lobster - Tail 6 Oz,Kitchen,1524
84161,Extract - Rum,Pet Supplies,6830
27370,"Bread - Pullman, Sliced",Kitchen,2273
59582,Water - Spring Water 500ml,Books,6662
35261,Cloves - Whole,Home Decor,1715
5697,"Chilli Paste, Hot Sambal Oelek",Books,4213
3521,Avocado,Gear,2822
10495,"Lamb - Leg, Diced",Sports Equipment,3914
40673,Sproutsmustard Cress,Clothing,6921
38396,Dc Hikiage Hira Huba,Electronics,3292
24367,The Pop Shoppe - Cream Soda,Sports Equipment,8625
57737,Pear - Prickly,Pet Supplies,9731
57767,Table Cloth 144x90 White,Toys,5347
98119,Foil - 4oz Custard Cup,Beauty Products,6055
18660,Apricots - Halves,Home Decor,7905
46096,Bacardi Limon,Pet Supplies,5489
30413,"Beef - Ox Tongue, Pickled",Electronics,4618
32128,Whmis - Spray Bottle Trigger,Beauty Products,3943
24239,Tea - Lemon Green Tea,Kitchen,1473
79802,Beans - Butter Lrg Lima,Electronics,3289
33276,"Stock - Beef, Brown",Kitchen,9227
16037,V8 Pet,Electronics,5979
26922,Potatoes - Yukon Gold 5 Oz,Pet Supplies,5487
31193,Cream Of Tartar,Beauty Products,9603
19511,Parsley - Fresh,Electronics,6448
25051,Crackers - Soda / Saltins,Beauty Products,3083
17358,Hummus - Spread,Gear,946
17533,Muffin Mix - Lemon Cranberry,Sports Equipment,2346
68340,Vinegar - Red Wine,Electronics,4757
72310,Pear - Asian,Gear,6981
54511,Sour Cream,Toys,8599
1631,Jolt Cola,Kitchen,1731
25214,Worcestershire Sauce,Home Decor,9834
95036,Pie Shell - 9,Clothing,9752
48660,Wine - Magnotta - Bel Paese White,Beauty Products,4807
35187,Chocolate - Chips Compound,Books,1919
36517,Beef Dry Aged Tenderloin Aaa,Gear,1536
99646,"Appetizer - Mini Egg Roll, Shrimp",Toys,6441
92246,Cheese - Taleggio D.o.p.,Home Decor,6481
41846,Carbonated Water - Strawberry,Books,2209
35989,Nantucket - Carrot Orange,Home Decor,7182
68533,Flavouring Vanilla Artificial,Kitchen,6535
71070,Fib N9 - Prague Powder,Toys,2601
10742,Soup - Cream Of Broccoli,Books,6744
90586,Cookies Oatmeal Raisin,Gear,3420
30531,Dill Weed - Fresh,Toys,9381
86804,"Flour - Bran, Red",Clothing,9991
61171,Lamb - Loin Chops,Gear,1236
27473,Pork - Inside,Home Decor,6183
23677,Coffee - 10oz Cup 92961,Clothing,1982
60667,Chocolate - Chips Compound,Clothing,904
87318,"Mushroom - Shitake, Dry",Clothing,3557
67520,Nantucket Apple Juice,Pet Supplies,3621
63349,Alize Red Passion,Clothing,1996
41815,Wine - Ruffino Chianti,Clothing,9344
75076,Compound - Orange,Home Decor,2455
37704,Soup Knorr Chili With Beans,Gear,6978
41274,Nantuket Peach Orange,Books,5742
43700,Tea - Herbal - 6 Asst,Pet Supplies,6674
65376,Truffle Cups - White Paper,Toys,7579
86882,Mushroom - Porcini Frozen,Beauty Products,6915
90473,"Doilies - 8, Paper",Clothing,1423
54080,"Syrup - Monin, Amaretta",Kitchen,3766
37554,"Pasta - Linguini, Dry",Sports Equipment,5662
74969,Ice Cream - Chocolate,Pet Supplies,4822
94590,Pork - Backfat,Toys,1929
20094,Mousse - Passion Fruit,Pet Supplies,2817
27975,Jack Daniels,Electronics,1423
77759,Capon - Whole,Sports Equipment,1974
31467,Hagen Daza - Dk Choocolate,Sports Equipment,460
15099,Anchovy Paste - 56 G Tube,Pet Supplies,1274
93949,Butter Ripple - Phillips,Beauty Products,5590
4841,Bread - Assorted Rolls,Beauty Products,8161
44597,Wine - Shiraz Wolf Blass Premium,Books,2785
71543,Kale - Red,Electronics,2605
28641,Wine - Marlbourough Sauv Blanc,Beauty Products,7254
67802,Sponge Cake Mix - Chocolate,Books,5973
81060,"Lemonade - Island Tea, 591 Ml",Clothing,4196
26753,Beef Wellington,Clothing,6234
78747,Strawberries,Toys,6101
40461,Milk - Condensed,Sports Equipment,4836
6618,"Shrimp - 16/20, Peeled Deviened",Pet Supplies,7215
45399,Lettuce - Treviso,Kitchen,7939
9839,"Pasta - Bauletti, Chicken White",Gear,401
78182,Wine - Sauvignon Blanc,Electronics,3273
50552,Oil - Pumpkinseed,Pet Supplies,6139
72174,Soup - Campbells Mushroom,Beauty Products,5063
30311,Pur Value,Toys,338
45233,Cornflakes,Toys,1936
52451,Pear - Asian,Home Decor,54
4466,Swiss Chard - Red,Gear,1856
85768,"Veal - Brisket, Provimi, Bone - In",Pet Supplies,2848
12403,Savory,Gear,3396
27820,Sobe - Liz Blizz,Sports Equipment,1858
99865,"Yogurt - Cherry, 175 Gr",Beauty Products,5101
65833,"Crush - Grape, 355 Ml",Books,7068
91179,Longos - Chicken Curried,Home Decor,9226
78034,Squash - Sunburst,Home Decor,7890
37700,Sobe - Orange Carrot,Beauty Products,6170
19390,"Shrimp - Baby, Cold Water",Clothing,137
9368,Scrubbie - Scotchbrite Hand Pad,Kitchen,2267
10043,Capon - Whole,Sports Equipment,6384
37076,Towel Dispenser,Sports Equipment,1541
22095,"Mustard - Dry, Powder",Pet Supplies,7956
20165,Daikon Radish,Toys,1678
96586,Wine - Cousino Macul Antiguas,Pet Supplies,8627
84854,Cheese - Brick With Onion,Pet Supplies,7273
21875,Beer - Sleemans Honey Brown,Toys,8761
72802,Garbage Bags - Clear,Toys,6380
14392,Bread - Sour Batard,Books,3897
83363,Beef - Ground Lean Fresh,Toys,3520
50084,Truffle Shells - White Chocolate,Beauty Products,6932
24000,Skirt - 29 Foot,Kitchen,4690
61933,Scallops - U - 10,Sports Equipment,4403
84586,Scallops - Live In Shell,Sports Equipment,2490
52913,"Oil - Shortening,liqud, Fry",Electronics,727
54733,Lemons,Books,492
23002,Prunes - Pitted,Beauty Products,5527
16113,Squash - Sunburst,Beauty Products,3387
69203,Muffin Mix - Chocolate Chip,Beauty Products,3788
71532,Sobe - Liz Blizz,Clothing,7943
54345,Plate Foam Laminated 9in Blk,Gear,1187
63301,Crush - Cream Soda,Toys,7137
78729,Mints - Striped Red,Kitchen,1798
58159,"Seedlings - Mix, Organic",Pet Supplies,4092
12249,Papadam,Gear,7973
27527,Plastic Wrap,Toys,302
49860,Cups 10oz Trans,Books,4044
22847,Dried Figs,Kitchen,2066
86197,Basil - Seedlings Cookstown,Books,8428
46272,"Vermacelli - Sprinkles, Assorted",Books,5568
88786,Beef - Top Butt Aaa,Kitchen,1493
76879,"Mushroom - Chantrelle, Fresh",Sports Equipment,7358
77432,Appetizer - Smoked Salmon / Dill,Clothing,4741
1274,Soup - Campbells Mushroom,Kitchen,9393
76093,"Apple - Delicious, Golden",Toys,5353
22710,Bread Foccacia Whole,Toys,1481
52544,Appetizer - Chicken Satay,Gear,1879
53164,Urban Zen Drinks,Electronics,2405
31616,"Pasta - Spaghetti, Dry",Books,650
39696,Vaccum Bag 10x13,Pet Supplies,1649
29452,Milk - Chocolate 500ml,Pet Supplies,7549
45945,Juice - Happy Planet,Gear,7584
13440,Chips Potato All Dressed - 43g,Clothing,9778
2970,Lettuce Romaine Chopped,Toys,9033
4045,Energy Drink - Redbull 355ml,Beauty Products,7708
75522,Wine - Alicanca Vinho Verde,Kitchen,5055
65710,Cup - 4oz Translucent,Books,4192
94610,Lime Cordial - Roses,Clothing,4599
91633,Crab - Imitation Flakes,Kitchen,4337
55304,"Tendrils - Baby Pea, Organic",Beauty Products,4982
69112,Rice Wine - Aji Mirin,Clothing,5897
7688,Spring Roll Wrappers,Clothing,8753
43426,Vanilla Beans,Sports Equipment,2704
55185,Milk - 2% 250 Ml,Gear,7493
72711,"Beef - Tenderlion, Center Cut",Books,896
11115,"Wine - Red, Cabernet Merlot",Gear,7325
75270,Sour Puss Raspberry,Books,427
35386,Truffle Cups - Brown,Home Decor,4611
61031,"Apple - Delicious, Red",Sports Equipment,1224
67624,Wine - Two Oceans Cabernet,Clothing,6061
75562,Oats Large Flake,Sports Equipment,5622
21459,"Crush - Orange, 355ml",Home Decor,4190
4909,"Soup - Knorr, French Onion",Toys,7096
55337,Blueberries,Home Decor,6043
1761,Langers - Ruby Red Grapfruit,Toys,6261
19421,Lamb - Shoulder,Beauty Products,1345
27819,Quiche Assorted,Beauty Products,6152
81024,Glass Clear 7 Oz Xl,Books,9462
14152,"Doilies - 5, Paper",Home Decor,3897
58982,Potatoes - Idaho 100 Count,Sports Equipment,8397
92834,"Beans - Kidney, Canned",Gear,9989
15502,"Nut - Walnut, Chopped",Sports Equipment,302
21581,White Baguette,Gear,274
77551,Zucchini - Yellow,Kitchen,5490
96639,Crab Meat Claw Pasteurise,Clothing,3316
65861,"Nut - Walnut, Chopped",Gear,8690
24542,Snapple - Iced Tea Peach,Books,2574
40872,Pie Shells 10,Clothing,7435
11884,Bread - Focaccia Quarter,Books,9235
98803,Muffin Mix - Blueberry,Sports Equipment,5877
91213,Nantuket Peach Orange,Beauty Products,5276
2010,Oven Mitts - 15 Inch,Sports Equipment,6687
33599,Truffle Cups Green,Gear,3586
15227,Pastry - French Mini Assorted,Gear,7016
55282,"Pasta - Rotini, Dry",Gear,7284
16189,Bagel - Everything,Beauty Products,6448
66128,Canada Dry,Electronics,9591
88442,Sour Puss Sour Apple,Books,2641
28471,Mudslide,Pet Supplies,5260
17667,Pastry - Apple Muffins - Mini,Pet Supplies,1679
79791,Chocolate - Milk Coating,Home Decor,3104
98936,Longos - Grilled Chicken With,Kitchen,4657
41673,Pate - Liver,Beauty Products,1244
37582,"Beef - Ground, Extra Lean, Fresh",Toys,6695
2289,Cake Sheet Combo Party Pack,Kitchen,1764
41355,"Bread - Roll, Soft White Round",Electronics,9787
31230,Beef - Shank,Toys,8335
56401,Beer - Steamwhistle,Toys,1307
62440,Broom Handle,Home Decor,5265
16937,Ham - Cooked Bayonne Tinned,Sports Equipment,8707
40541,Magnotta Bel Paese Red,Sports Equipment,9521
85987,Cheese Cloth,Clothing,2349
24771,Wine - Shiraz Wolf Blass Premium,Beauty Products,1487
70894,"Split Peas - Yellow, Dry",Home Decor,3652
26853,Veal - Insides Provini,Toys,5860
37953,"Sauce - Apple, Unsweetened",Clothing,610
14466,Laundry - Bag Cloth,Gear,4408
65162,Wine - Chateauneuf Du Pape,Clothing,6156
90249,Port - 74 Brights,Home Decor,7382
51400,Wine - Black Tower Qr,Gear,8282
93559,Wine - Pinot Noir Latour,Pet Supplies,9429
21371,Extract - Rum,Home Decor,5731
69653,Muffin - Mix - Bran And Maple 15l,Sports Equipment,3102
82119,"Oil - Olive, Extra Virgin",Pet Supplies,6591
73122,Carbonated Water - Blackberry,Electronics,3286
40460,Mortadella,Beauty Products,5371
95377,Tequila Rose Cream Liquor,Clothing,1961
48302,"Veal - Brisket, Provimi,bnls",Home Decor,5654
92788,"Red Snapper - Fillet, Skin On",Clothing,4413
79400,Icecream - Dibs,Kitchen,8042
20234,Coconut Milk - Unsweetened,Kitchen,4626
72942,"Soup - Knorr, Chicken Noodle",Electronics,1871
46029,Icecream - Dibs,Toys,6577
71025,Onions - Pearl,Kitchen,7227
96213,Bagel - Sesame Seed Presliced,Kitchen,6649
68703,"Liqueur Banana, Ramazzotti",Kitchen,2018
29815,Tomato - Green,Sports Equipment,68
46952,Oil - Sunflower,Books,2522
90319,Bagel - Sesame Seed Presliced,Sports Equipment,6238
22963,Wine - Pinot Noir Pond Haddock,Gear,3782
73041,Chef Hat 25cm,Home Decor,6130
29316,Nougat - Paste / Cream,Kitchen,7302
39281,Mushroom - White Button,Toys,8175
68138,Bread Bowl Plain,Home Decor,9965
23718,Wine - Fat Bastard Merlot,Gear,2208
29318,Cookie Double Choco,Clothing,4292
37730,Coffee - Almond Amaretto,Sports Equipment,5533
29638,Cranberries - Fresh,Electronics,9723
93049,"Salmon - Atlantic, No Skin",Beauty Products,2345
14751,Scallops 60/80 Iqf,Gear,5895
68892,"Pasta - Cappellini, Dry",Books,4759
31089,Kellogs All Bran Bars,Books,1696
83467,Sea Bass - Fillets,Beauty Products,119
42538,"Chicken - Wings, Tip Off",Pet Supplies,9450
2364,Coffee - French Vanilla Frothy,Clothing,4428
2599,Sauce - Demi Glace,Gear,2535
64998,Cup - 4oz Translucent,Gear,9150
37080,Heavy Duty Dust Pan,Home Decor,5331
2375,Spice - Paprika,Gear,7423
19799,"Chestnuts - Whole,canned",Pet Supplies,2398
64714,Rolled Oats,Electronics,149
2059,"Cookies - Oreo, 4 Pack",Electronics,957
18922,Muffin Orange Individual,Books,7826
46475,Wine - Cabernet Sauvignon,Sports Equipment,1865
86609,Ocean Spray - Kiwi Strawberry,Sports Equipment,39
70263,"Turkey - Whole, Fresh",Clothing,9982
10763,Cake - Box Window 10x10x2.5,Clothing,9683
42295,Wine - Sicilia Igt Nero Avola,Sports Equipment,4094
95468,Huck White Towels,Gear,5896
59407,"Crab - Claws, Snow 16 - 24",Books,1721
92520,"Beef - Rib Roast, Capless",Electronics,7949
18519,Sprouts - China Rose,Electronics,1335
4336,V8 - Berry Blend,Pet Supplies,8217
23014,Rice - Wild,Beauty Products,7104
69954,Apple - Custard,Home Decor,6768
7018,Dried Cherries,Pet Supplies,7326
33019,Mix - Cocktail Ice Cream,Pet Supplies,9941
55775,Veal - Nuckle,Sports Equipment,3665
45000,Apple - Custard,Home Decor,3168
35588,Onions - Cooking,Sports Equipment,9592
99974,Cake - Bande Of Fruit,Electronics,1206
11784,Sausage - Chorizo,Sports Equipment,4167
13257,"Appetizer - Mini Egg Roll, Shrimp",Gear,3933
74145,Strawberries,Clothing,240
54282,Canada Dry,Beauty Products,4465
60187,Pears - Bartlett,Toys,4938
77409,Corn Shoots,Beauty Products,7141
80616,Puff Pastry - Sheets,Electronics,4586
46765,"Tomatoes - Plum, Canned",Pet Supplies,12
27147,Blouse / Shirt / Sweater,Home Decor,3962
18412,Beer - Heinekin,Toys,3835
86627,"Mushroom - Chanterelle, Dry",Electronics,8077
91392,Wine - Lou Black Shiraz,Toys,9229
51186,Artichoke - Fresh,Kitchen,785
78219,Potatoes - Peeled,Sports Equipment,4376
30918,Container - Clear 32 Oz,Clothing,8093
78038,Gloves - Goldtouch Disposable,Toys,1595
26316,Silicone Parch. 16.3x24.3,Clothing,8033
73738,"Squash - Pattypan, Yellow",Gear,9269
13624,Banana Turning,Sports Equipment,4360
87529,Wine - Magnotta - Cab Sauv,Clothing,8655
25358,Bar Bran Honey Nut,Pet Supplies,3724
3046,Muskox - French Rack,Clothing,233
45092,"Pepper - Green, Chili",Toys,3792
13130,Squash - Sunburst,Pet Supplies,160
14613,Cinnamon - Ground,Sports Equipment,3415
34968,Appetizer - Asian Shrimp Roll,Toys,9098
91031,Soup Campbells - Italian Wedding,Clothing,4074
42914,Vector Energy Bar,Gear,934
46256,Wine - Jaboulet Cotes Du Rhone,Books,2525
28007,Corn Syrup,Pet Supplies,3113
29476,Beef - Eye Of Round,Kitchen,8296
5346,Broom - Angled,Pet Supplies,2221
13975,"Lamb - Whole, Fresh",Pet Supplies,9107
95694,Cookies Almond Hazelnut,Electronics,8054
13056,Huck Towels White,Sports Equipment,9359
96876,Flavouring Vanilla Artificial,Gear,4738
73432,Trueblue - Blueberry 12x473ml,Toys,4051
55929,Bread - White Epi Baguette,Sports Equipment,2929
68837,Cheese - Cream Cheese,Clothing,3729
67290,Spice - Chili Powder Mexican,Home Decor,1117
42261,"Wine - Bourgogne 2002, La",Toys,6406
35220,Cauliflower,Kitchen,2555
79376,Lettuce Romaine Chopped,Beauty Products,2617
81031,Soup - Campbells Broccoli,Books,4200
30829,Celery Root,Pet Supplies,3958
50948,Corn Shoots,Electronics,8828
20069,Swiss Chard,Toys,9146
39974,Sausage - Breakfast,Home Decor,2676
19790,"Pasta - Rotini, Colour, Dry",Kitchen,3850
68416,Mix Pina Colada,Electronics,7252
54672,"Tomatoes - Cherry, Yellow",Clothing,1272
69038,"Pork - Tenderloin, Frozen",Pet Supplies,8430
1201,Breakfast Quesadillas,Books,7170
76873,Soup - Boston Clam Chowder,Pet Supplies,8367
94252,Water - Spring Water 500ml,Sports Equipment,4287
24881,Cheese - Montery Jack,Kitchen,2479
45957,Garbage Bags - Black,Home Decor,5873
77988,Muffin Mix - Morning Glory,Kitchen,8845
13084,Lettuce - Frisee,Books,5856
5714,Herb Du Provence - Primerba,Gear,2544
9001,Appetizer - Chicken Satay,Pet Supplies,4604
50296,Flower - Commercial Spider,Home Decor,3073
76713,Beer - Steamwhistle,Kitchen,743
9857,Shallots,Toys,3051
47000,Bread - Pain Au Liat X12,Electronics,6731
74982,"Cheese - Cheddar, Mild",Sports Equipment,6571
39573,Wasabi Paste,Gear,656
48385,Beef - Tender Tips,Beauty Products,6919
82085,Bread - Italian Roll With Herbs,Beauty Products,5649
38285,Napkin White - Starched,Kitchen,9962
67154,Wine - Barbera Alba Doc 2001,Home Decor,75
93964,"Soup - Campbells, Lentil",Gear,2414
98650,"Flour - Corn, Fine",Pet Supplies,5643
34997,Foam Tray S2,Electronics,3282
24827,Bread Sour Rolls,Pet Supplies,4787
51689,"Potatoes - Purple, Organic",Kitchen,7899
71588,Honey - Lavender,Toys,806
11164,Bread - Corn Muffaleta Onion,Toys,3145
32340,"Doilies - 5, Paper",Sports Equipment,1118
47822,Corn Kernels - Frozen,Beauty Products,9278
86174,Pork - Backfat,Clothing,7291
65454,"Tomatoes - Plum, Canned",Sports Equipment,9357
5115,Glaze - Clear,Books,5782
53105,Spring Roll Wrappers,Electronics,9020
60679,Tea - Camomele,Kitchen,7660
48031,Wine - Lou Black Shiraz,Gear,6022
18717,Pastry - Mini French Pastries,Sports Equipment,4662
47013,Cheese - Comtomme,Electronics,8619
13963,"Lemonade - Strawberry, 591 Ml",Electronics,4103
63540,Bread - Multigrain,Clothing,2853
46569,Bread - Petit Baguette,Books,465
67189,Bread - Multigrain,Sports Equipment,5978
64822,"Nut - Pecan, Halves",Home Decor,5473
67684,Wine - Penfolds Koonuga Hill,Gear,5740
59638,Salmon - Fillets,Kitchen,7432
77292,Capon - Whole,Kitchen,2225
79359,Sprouts - Baby Pea Tendrils,Clothing,2101
76380,Lettuce - Escarole,Gear,6444
63348,Beer - Upper Canada Lager,Toys,9249
48152,Cheese - Grana Padano,Clothing,8785
48942,Vinegar - White,Electronics,3132
79024,"Turkey - Breast, Boneless Sk On",Clothing,7786
96394,"Tuna - Canned, Flaked, Light",Gear,3926
85726,"Juice - Orange, 341 Ml",Books,1620
82321,"Quail - Eggs, Fresh",Kitchen,6552
61680,Eggwhite Frozen,Home Decor,6597
19711,Crackers - Melba Toast,Gear,8965
65155,"Soup - Campbells, Spinach Crm",Clothing,6765
76204,Cake - Bande Of Fruit,Home Decor,8229
53122,Beef - Short Ribs,Toys,3875
87834,Rice - Long Grain,Electronics,62
34786,Beef - Sushi Flat Iron Steak,Kitchen,2141
47231,"Wine - White, Colubia Cresh",Toys,4991
56424,"Zucchini - Mini, Green",Kitchen,3586
85626,Chicken - Bones,Toys,6634
44671,Devonshire Cream,Books,8426
96078,Beer - Pilsner Urquell,Clothing,306
74506,Irish Cream - Butterscotch,Gear,4942
92508,Flavouring - Raspberry,Toys,9657
36380,"Tortillas - Flour, 12",Sports Equipment,5370
36482,"Pasta - Fett Alfredo, Single Serve",Pet Supplies,6708
36021,"Pail - 4l White, With Handle",Pet Supplies,9869
9706,Food Colouring - Orange,Sports Equipment,7450
88946,Containter - 3oz Microwave Rect.,Pet Supplies,3487
75161,Kaffir Lime Leaves,Clothing,5865
75682,Cheese - Cheddar With Claret,Pet Supplies,5888
8565,Chicken - Leg / Back Attach,Pet Supplies,4173
5200,Yoplait Drink,Kitchen,9335
89520,Cookies - Fortune,Sports Equipment,8515
22788,"Sauce - Soya, Dark",Gear,5283
73802,The Pop Shoppe - Lime Rickey,Home Decor,1443
53521,Cheese - Camembert,Books,5335
26170,"Bread - Crumbs, Bulk",Books,4182
35063,Garbage Bags - Black,Clothing,8641
18761,Sugar - Cubes,Toys,5771
4206,Rabbit - Frozen,Books,298
56748,Ecolab - Hobart Upr Prewash Arm,Clothing,5507
67843,Container - Clear 16 Oz,Sports Equipment,9457
4307,Pastry - Carrot Muffin - Mini,Beauty Products,7648
39143,Tomato Paste,Beauty Products,1207
47423,Port - 74 Brights,Clothing,8419
82872,"Schnappes - Peach, Walkers",Sports Equipment,6221
56716,"Soup - Knorr, French Onion",Books,8078
56552,Pastry - Cherry Danish - Mini,Toys,1122
582,Lemonade - Pineapple Passion,Toys,5967
68599,Veal - Provimi Inside,Gear,6136
6206,Jam - Raspberry,Clothing,2304
1522,Lemons,Beauty Products,4726
71821,"Soup - Canadian Pea, Dry Mix",Electronics,8716
23002,Red Currant Jelly,Clothing,4280
79077,Shortbread - Cookie Crumbs,Gear,861
38068,Venison - Liver,Beauty Products,6955
18469,Nori Sea Weed - Gold Label,Beauty Products,4517
48555,Turkey Leg With Drum And Thigh,Sports Equipment,6144
57445,Wine - Charddonnay Errazuriz,Electronics,8175
9437,Snapple Raspberry Tea,Clothing,368
97396,"Water - Spring Water, 355 Ml",Books,6411
82696,Crackers - Melba Toast,Clothing,2713
5067,Venison - Liver,Home Decor,918
38123,Bar Mix - Lemon,Sports Equipment,8315
98886,Snapple Raspberry Tea,Toys,466
64922,Sausage - Liver,Books,3856
3519,Rum - Mount Gay Eclipes,Beauty Products,3396
19503,Puree - Mango,Beauty Products,5504
91199,Lentils - Green Le Puy,Sports Equipment,2089
10639,Sauce - Fish 25 Ozf Bottle,Beauty Products,476
4129,Bagelers,Pet Supplies,4916
7939,Cake - Lemon Chiffon,Beauty Products,6727
35279,Water - Green Tea Refresher,Clothing,6167
27941,Bag Clear 10 Lb,Pet Supplies,89
71953,Eggroll,Gear,5109
73983,Bay Leaf Fresh,Kitchen,5124
71101,Pastry - Key Limepoppy Seed Tea,Gear,7299
72721,Bread - Mini Hamburger Bun,Books,2369
98633,"Trout - Hot Smkd, Dbl Fillet",Pet Supplies,9629
22957,Cookie Choc,Sports Equipment,39
69334,Jam - Raspberry,Electronics,3501
60126,Wine - Baron De Rothschild,Electronics,1895
14816,"Pasta - Elbows, Macaroni, Dry",Electronics,2429
75858,"Tarragon - Primerba, Paste",Toys,673
26435,Muskox - French Rack,Electronics,7548
63402,Shiratamako - Rice Flour,Pet Supplies,1340
4862,Cheese - Stilton,Home Decor,9663
37991,"Juice - Grape, White",Clothing,4655
86996,Mini - Vol Au Vents,Beauty Products,8642
19733,"Cheese - Boursin, Garlic / Herbs",Sports Equipment,3580
73187,"Yeast - Fresh, Fleischman",Gear,9708
58077,"Lentils - Green, Dry",Electronics,5259
74899,Sauce - Hollandaise,Home Decor,1336
36007,Cheese Cloth No 100,Sports Equipment,577
20944,"Lid - 10,12,16 Oz",Books,6611
22574,Muffins - Assorted,Beauty Products,8828
32539,"Wine - White, Ej Gallo",Gear,9871
13301,Beer - Paulaner Hefeweisse,Electronics,2447
59048,Water - Perrier,Electronics,4032
17905,"Beef - Ground, Extra Lean, Fresh",Home Decor,6255
4536,Water - San Pellegrino,Clothing,7056
37245,Pastry - Lemon Danish - Mini,Gear,493
33510,Bread - Bistro Sour,Toys,9589
25184,Wine - Port Late Bottled Vintage,Kitchen,1408
59862,Wine - Valpolicella Masi,Pet Supplies,208
21628,Miso - Soy Bean Paste,Clothing,4102
64832,"Lamb - Leg, Boneless",Beauty Products,4555
35526,Cabbage - Savoy,Clothing,8145
71272,Snapple - Mango Maddness,Home Decor,3889
14573,Kale - Red,Sports Equipment,2042
27010,Chicken - Tenderloin,Books,5314
37801,Cactus Pads,Pet Supplies,222
54395,Tomatoes - Cherry,Beauty Products,56
50752,Cinnamon Rolls,Books,9832
56224,Drambuie,Toys,6452
15286,Pastry - Choclate Baked,Toys,8071
21431,Veal - Slab Bacon,Books,3976
5828,Squash - Butternut,Beauty Products,266
67900,Beer - Camerons Auburn,Toys,6512
41438,Huck Towels White,Gear,8776
53438,Cocktail Napkin Blue,Toys,198
38385,Sausage - Chorizo,Toys,8938
19389,Cut Wakame - Hanawakaba,Kitchen,5882
27196,"Wine - White, Antinore Orvieto",Beauty Products,9653
17032,Bread - Malt,Kitchen,4868
81588,Ham - Cooked Italian,Books,4028
22472,Butter - Pod,Clothing,2530
69449,"Bread - Roll, Italian",Home Decor,9904
34216,"Doilies - 12, Paper",Kitchen,7271
97120,Basil - Thai,Beauty Products,5291
14185,Tarragon - Fresh,Pet Supplies,9377
42350,Bar - Sweet And Salty Chocolate,Home Decor,1618
43928,Flour - So Mix Cake White,Pet Supplies,6384
44849,Cucumber - English,Home Decor,1603
66816,Beans - Yellow,Toys,3659
24555,Venison - Liver,Home Decor,8575
87010,Veal - Heart,Gear,1396
84867,Tobasco Sauce,Clothing,3764
26131,"Pork - Loin, Center Cut",Home Decor,3754
25519,Coriander - Seed,Clothing,5224
42591,"Turkey - Whole, Fresh",Home Decor,2205
3043,Carbonated Water - Cherry,Clothing,7687
27945,The Pop Shoppe Pinapple,Home Decor,5631
35294,Wine - Black Tower Qr,Beauty Products,6102
4515,Grapefruit - White,Beauty Products,3228
36009,Chinese Foods - Pepper Beef,Pet Supplies,5333
38955,Wine - Cava Aria Estate Brut,Toys,3915
2898,Wine - Prosecco Valdobiaddene,Gear,5558
39259,Table Cloth 54x54 White,Books,5988
78765,Rambutan,Books,8169
80536,"Shrimp - 21/25, Peel And Deviened",Toys,2179
15770,Muffin Hinge Container 6,Beauty Products,6045
31109,Tomatoes - Roma,Sports Equipment,1989
74446,Onions - Red,Beauty Products,9192
44853,Energy Drink - Franks Original,Home Decor,1122
67635,Straw - Regular,Pet Supplies,994
19973,Energy Drink Red Bull,Beauty Products,7125
23589,"Olives - Black, Pitted",Clothing,2073
46028,Tea - Lemon Green Tea,Home Decor,6876
98292,Wine - Semi Dry Riesling Vineland,Beauty Products,8801
1946,Bay Leaf Fresh,Pet Supplies,452
43668,"Beef - Rib Roast, Cap On",Books,1437
93341,Lettuce - Baby Salad Greens,Clothing,4454
54456,Energy - Boo - Koo,Toys,7270
52097,Bread - French Baquette,Clothing,424
38163,"Bread - Roll, Whole Wheat",Sports Equipment,4808
4013,"Soup - Knorr, Ministrone",Electronics,2822
26365,Salt - Kosher,Home Decor,3063
55330,Shiro Miso,Gear,196
73683,Bread - Bistro White,Sports Equipment,7142
21050,Papadam,Books,5063
36307,Cheese - Valancey,Pet Supplies,2119
72042,"Orange - Canned, Mandarin",Kitchen,6213
27936,Wine - Soave Folonari,Kitchen,8613
82683,Eggplant Italian,Books,8823
91692,Oil - Canola,Beauty Products,2318
84555,"Crab - Back Fin Meat, Canned",Beauty Products,9246
42450,Otomegusa Dashi Konbu,Books,7877
76359,Rice - Jasmine Sented,Toys,3074
38287,Pop - Club Soda Can,Pet Supplies,5424
3972,Appetizer - Mango Chevre,Clothing,8093
96322,Nut - Macadamia,Electronics,730
16753,Absolut Citron,Beauty Products,9376
87872,Ham - Black Forest,Toys,8798
74439,Orange Roughy 4/6 Oz,Beauty Products,5985
31322,Flower - Potmums,Toys,7425
5025,Cookies - Englishbay Oatmeal,Toys,9566
68454,Chinese Foods - Pepper Beef,Pet Supplies,5873
59406,Icecream Cone - Areo Chocolate,Clothing,1953
88273,"Nut - Walnut, Pieces",Electronics,2176
99323,Neckerchief Blck,Pet Supplies,1262
56448,"Wine - White, Pinot Grigio",Clothing,7857
13372,Snapple Raspberry Tea,Kitchen,2435
58773,"Soup - Campbells, Beef Barley",Gear,4792
19579,Oil - Sunflower,Clothing,6962
24552,Wine - Penfolds Koonuga Hill,Kitchen,5018
6281,"Wine - White, Schroder And Schyl",Sports Equipment,7745
40209,Basil - Pesto Sauce,Gear,2878
67607,Water - Spring 1.5lit,Beauty Products,5020
51251,Tea - Black Currant,Electronics,4024
85034,"Pork - Back, Short Cut, Boneless",Home Decor,6092
96893,Steampan Lid,Clothing,6160
40090,Anchovy Fillets,Toys,9034
5448,Cup - 8oz Coffee Perforated,Home Decor,8625
31588,Nut - Pumpkin Seeds,Beauty Products,3324
85299,Chocolate Eclairs,Electronics,1061
54369,"Beef - Tongue, Cooked",Books,9336
32674,Lettuce - Sea / Sea Asparagus,Electronics,4569
19565,Crab Brie In Phyllo,Gear,8152
63165,Cherries - Frozen,Sports Equipment,7021
86150,Muffin Hinge Container 6,Beauty Products,9359
517,Wine - Malbec Trapiche Reserve,Books,7171
13350,Wine - Rosso Del Veronese Igt,Gear,1232
56588,Nantucket - 518ml,Kitchen,957
72770,"Bread - White, Sliced",Home Decor,371
58433,Apricots Fresh,Home Decor,6473
